split,candidate_class,unit,mean_abs_activation,active_frequency
train,contaminacion_alta_NO2,367,0.16056494414806366,0.8915094339622641
train,contaminacion_alta_NO2,220,0.1360454112291336,0.8301886792452831
train,contaminacion_alta_NO2,262,0.12949755787849426,0.6933962264150944
train,contaminacion_alta_NO2,600,0.12643831968307495,0.8160377358490566
train,contaminacion_alta_NO2,618,0.11766468733549118,0.7311320754716981
train,contaminacion_alta_NO2,350,0.11417264491319656,0.6886792452830188
train,contaminacion_alta_NO2,745,0.11243251711130142,0.6745283018867925
train,contaminacion_alta_NO2,819,0.11217349767684937,0.6933962264150944
train,contaminacion_alta_NO2,591,0.10666665434837341,0.6273584905660378
train,contaminacion_alta_NO2,836,0.1009492501616478,0.7264150943396226
train,contaminacion_alta_NO2,703,0.09532853215932846,0.7264150943396226
train,contaminacion_alta_NO2,158,0.09084917604923248,0.6415094339622641
train,contaminacion_alta_NO2,883,0.09052010625600815,0.6509433962264151
train,contaminacion_alta_NO2,630,0.09046774357557297,0.5518867924528302
train,contaminacion_alta_NO2,834,0.09011388570070267,0.6415094339622641
train,contaminacion_alta_NO2,541,0.08849655836820602,0.5660377358490566
train,contaminacion_alta_NO2,1012,0.08764519542455673,0.6650943396226415
train,contaminacion_alta_NO2,429,0.0865355059504509,0.589622641509434
train,contaminacion_alta_NO2,377,0.08545687794685364,0.6650943396226415
train,contaminacion_alta_NO2,868,0.08431019634008408,0.6179245283018868
train,contaminacion_alta_NO2,787,0.08423327654600143,0.6037735849056604
train,contaminacion_alta_NO2,4,0.08280307054519653,0.5849056603773585
train,contaminacion_alta_NO2,576,0.0806775838136673,0.6226415094339622
train,contaminacion_alta_NO2,37,0.0802755206823349,0.6556603773584906
train,contaminacion_alta_NO2,998,0.07906604558229446,0.5518867924528302
train,contaminacion_alta_SO2,711,0.20077595114707947,0.925
train,contaminacion_alta_SO2,998,0.16451707482337952,0.885
train,contaminacion_alta_SO2,758,0.1609751135110855,0.885
train,contaminacion_alta_SO2,485,0.15667448937892914,0.9
train,contaminacion_alta_SO2,600,0.1416407823562622,0.805
train,contaminacion_alta_SO2,49,0.13840356469154358,0.75
train,contaminacion_alta_SO2,692,0.13630256056785583,0.72
train,contaminacion_alta_SO2,709,0.13271471858024597,0.755
train,contaminacion_alta_SO2,1,0.12857112288475037,0.66
train,contaminacion_alta_SO2,432,0.11961343884468079,0.785
train,contaminacion_alta_SO2,566,0.11775889992713928,0.725
train,contaminacion_alta_SO2,476,0.11271420121192932,0.775
train,contaminacion_alta_SO2,191,0.10654977709054947,0.75
train,contaminacion_alta_SO2,386,0.10555924475193024,0.69
train,contaminacion_alta_SO2,422,0.10404635220766068,0.68
train,contaminacion_alta_SO2,513,0.10320881009101868,0.705
train,contaminacion_alta_SO2,1018,0.10085957497358322,0.705
train,contaminacion_alta_SO2,1019,0.09946299344301224,0.565
train,contaminacion_alta_SO2,321,0.0991162359714508,0.61
train,contaminacion_alta_SO2,841,0.09651559591293335,0.615
train,contaminacion_alta_SO2,936,0.09500997513532639,0.685
train,contaminacion_alta_SO2,489,0.09262099117040634,0.69
train,contaminacion_alta_SO2,75,0.09239727258682251,0.64
train,contaminacion_alta_SO2,989,0.09172436594963074,0.67
train,contaminacion_alta_SO2,635,0.09161707758903503,0.595
train,ozono_anomalo,1,0.22165276110172272,0.9289940828402367
train,ozono_anomalo,669,0.1794981062412262,0.8875739644970414
train,ozono_anomalo,541,0.1765563040971756,0.8579881656804734
train,ozono_anomalo,606,0.16957210004329681,0.8106508875739645
train,ozono_anomalo,432,0.16485534608364105,0.834319526627219
train,ozono_anomalo,270,0.16054917871952057,0.8875739644970414
train,ozono_anomalo,323,0.16051019728183746,0.834319526627219
train,ozono_anomalo,251,0.15740828216075897,0.7455621301775148
train,ozono_anomalo,566,0.15188373625278473,0.8402366863905325
train,ozono_anomalo,974,0.15064503252506256,0.8047337278106509
train,ozono_anomalo,660,0.14870455861091614,0.7100591715976331
train,ozono_anomalo,692,0.1452067494392395,0.7218934911242604
train,ozono_anomalo,182,0.1438215672969818,0.7396449704142012
train,ozono_anomalo,377,0.13297559320926666,0.8224852071005917
train,ozono_anomalo,978,0.12668335437774658,0.727810650887574
train,ozono_anomalo,960,0.1250550001859665,0.7869822485207101
train,ozono_anomalo,531,0.12102379649877548,0.7218934911242604
train,ozono_anomalo,106,0.12060073763132095,0.863905325443787
train,ozono_anomalo,191,0.11707652360200882,0.834319526627219
train,ozono_anomalo,455,0.11527471244335175,0.7633136094674556
train,ozono_anomalo,711,0.11502496153116226,0.6153846153846154
train,ozono_anomalo,1019,0.11026185750961304,0.6331360946745562
train,ozono_anomalo,98,0.10969523340463638,0.6627218934911243
train,ozono_anomalo,757,0.10808521509170532,0.7810650887573964
train,ozono_anomalo,201,0.10359755903482437,0.6863905325443787
train,suelo_urbano,568,0.4427357614040375,0.9761904761904762
train,suelo_urbano,3,0.4168686270713806,0.9428571428571428
train,suelo_urbano,652,0.36181607842445374,0.9333333333333333
train,suelo_urbano,379,0.357107549905777,0.8809523809523809
train,suelo_urbano,928,0.34981489181518555,0.8428571428571429
train,suelo_urbano,5,0.34407657384872437,0.9857142857142858
train,suelo_urbano,899,0.3408679664134979,0.9761904761904762
train,suelo_urbano,442,0.32779544591903687,0.9904761904761905
train,suelo_urbano,288,0.3173132538795471,0.7047619047619048
train,suelo_urbano,26,0.3153148889541626,0.8333333333333334
train,suelo_urbano,350,0.3145239055156708,0.9952380952380953
train,suelo_urbano,4,0.3088322579860687,0.9095238095238095
train,suelo_urbano,956,0.2942773103713989,0.9095238095238095
train,suelo_urbano,140,0.29398199915885925,0.919047619047619
train,suelo_urbano,913,0.2849750220775604,0.8666666666666667
train,suelo_urbano,411,0.27005091309547424,0.9666666666666667
train,suelo_urbano,747,0.26575058698654175,0.9047619047619048
train,suelo_urbano,53,0.26060017943382263,0.7571428571428571
train,suelo_urbano,713,0.25151264667510986,0.9380952380952381
train,suelo_urbano,861,0.24989725649356842,0.9
train,suelo_urbano,397,0.24892523884773254,0.7714285714285715
train,suelo_urbano,524,0.24671949446201324,0.7952380952380952
train,suelo_urbano,265,0.24148449301719666,0.9047619047619048
train,suelo_urbano,375,0.2406938076019287,0.9047619047619048
train,suelo_urbano,562,0.23308007419109344,0.8666666666666667
train,vegetacion_densa,269,0.25269514322280884,0.9808612440191388
train,vegetacion_densa,961,0.23155243694782257,0.9856459330143541
train,vegetacion_densa,275,0.2286694347858429,0.9569377990430622
train,vegetacion_densa,612,0.21555785834789276,0.9904306220095693
train,vegetacion_densa,524,0.20199324190616608,0.9425837320574163
train,vegetacion_densa,204,0.1854732781648636,0.937799043062201
train,vegetacion_densa,605,0.17643383145332336,0.937799043062201
train,vegetacion_densa,229,0.1759970486164093,0.9569377990430622
train,vegetacion_densa,674,0.172546848654747,0.8133971291866029
train,vegetacion_densa,650,0.16868723928928375,0.8373205741626795
train,vegetacion_densa,88,0.16248643398284912,0.9090909090909091
train,vegetacion_densa,981,0.15995967388153076,0.8277511961722488
train,vegetacion_densa,681,0.1564982682466507,0.9569377990430622
train,vegetacion_densa,534,0.15583397448062897,0.8851674641148325
train,vegetacion_densa,583,0.15313230454921722,0.784688995215311
train,vegetacion_densa,346,0.15158268809318542,0.7416267942583732
train,vegetacion_densa,655,0.15047168731689453,0.8755980861244019
train,vegetacion_densa,374,0.1420648694038391,0.861244019138756
train,vegetacion_densa,355,0.1414128690958023,0.8373205741626795
train,vegetacion_densa,127,0.14130808413028717,0.8086124401913876
train,vegetacion_densa,568,0.1367773711681366,0.69377990430622
train,vegetacion_densa,898,0.13408087193965912,0.7703349282296651
train,vegetacion_densa,291,0.12923097610473633,0.7368421052631579
train,vegetacion_densa,219,0.12758269906044006,0.722488038277512
train,vegetacion_densa,566,0.12264878302812576,0.7511961722488039
val,contaminacion_alta_NO2,541,0.11294513195753098,0.7727272727272727
val,contaminacion_alta_NO2,350,0.11116369068622589,0.6818181818181818
val,contaminacion_alta_NO2,618,0.10586584359407425,0.7045454545454546
val,contaminacion_alta_NO2,600,0.1046222373843193,0.6136363636363636
val,contaminacion_alta_NO2,669,0.09917039424180984,0.6363636363636364
val,contaminacion_alta_NO2,220,0.09654287993907928,0.6590909090909091
val,contaminacion_alta_NO2,836,0.09401614218950272,0.6818181818181818
val,contaminacion_alta_NO2,262,0.09290377795696259,0.5227272727272727
val,contaminacion_alta_NO2,321,0.09224574267864227,0.6590909090909091
val,contaminacion_alta_NO2,703,0.09076347947120667,0.7045454545454546
val,contaminacion_alta_NO2,367,0.08845166862010956,0.5681818181818182
val,contaminacion_alta_NO2,323,0.08813710510730743,0.6363636363636364
val,contaminacion_alta_NO2,485,0.08184308558702469,0.5909090909090909
val,contaminacion_alta_NO2,745,0.07975232601165771,0.5681818181818182
val,contaminacion_alta_NO2,191,0.07854510843753815,0.6363636363636364
val,contaminacion_alta_NO2,819,0.07705240696668625,0.5454545454545454
val,contaminacion_alta_NO2,429,0.07575103640556335,0.5454545454545454
val,contaminacion_alta_NO2,758,0.07538633048534393,0.5
val,contaminacion_alta_NO2,787,0.07485424727201462,0.5454545454545454
val,contaminacion_alta_NO2,998,0.0733720064163208,0.5454545454545454
val,contaminacion_alta_NO2,530,0.07280708849430084,0.5
val,contaminacion_alta_NO2,317,0.07240147143602371,0.5227272727272727
val,contaminacion_alta_NO2,37,0.0708455964922905,0.5681818181818182
val,contaminacion_alta_NO2,377,0.06989933550357819,0.5681818181818182
val,contaminacion_alta_NO2,591,0.0684790313243866,0.4772727272727273
val,contaminacion_alta_SO2,568,0.13160547614097595,0.66
val,contaminacion_alta_SO2,269,0.12828566133975983,0.6
val,contaminacion_alta_SO2,524,0.11643747240304947,0.58
val,contaminacion_alta_SO2,566,0.1142478659749031,0.7
val,contaminacion_alta_SO2,275,0.10884537547826767,0.5
val,contaminacion_alta_SO2,204,0.10766908526420593,0.54
val,contaminacion_alta_SO2,4,0.10761550813913345,0.62
val,contaminacion_alta_SO2,127,0.10617014765739441,0.68
val,contaminacion_alta_SO2,612,0.10556712001562119,0.5
val,contaminacion_alta_SO2,432,0.095333032310009,0.64
val,contaminacion_alta_SO2,747,0.09146394580602646,0.6
val,contaminacion_alta_SO2,5,0.0910201370716095,0.6
val,contaminacion_alta_SO2,981,0.0901988297700882,0.44
val,contaminacion_alta_SO2,300,0.08911506831645966,0.5
val,contaminacion_alta_SO2,355,0.08867987990379333,0.58
val,contaminacion_alta_SO2,961,0.08848726004362106,0.5
val,contaminacion_alta_SO2,374,0.0880376398563385,0.48
val,contaminacion_alta_SO2,956,0.08683442324399948,0.54
val,contaminacion_alta_SO2,605,0.08669547736644745,0.5
val,contaminacion_alta_SO2,681,0.08566317707300186,0.56
val,contaminacion_alta_SO2,650,0.08531120419502258,0.48
val,contaminacion_alta_SO2,379,0.0840793326497078,0.52
val,contaminacion_alta_SO2,655,0.08353596925735474,0.52
val,contaminacion_alta_SO2,674,0.08256585896015167,0.5
val,contaminacion_alta_SO2,819,0.08254095911979675,0.58
val,ozono_anomalo,1,0.16773521900177002,0.7901234567901234
val,ozono_anomalo,432,0.15115101635456085,0.8518518518518519
val,ozono_anomalo,566,0.13518892228603363,0.8148148148148148
val,ozono_anomalo,711,0.11243735253810883,0.6049382716049383
val,ozono_anomalo,323,0.1084059625864029,0.7654320987654321
val,ozono_anomalo,692,0.10679119825363159,0.5925925925925926
val,ozono_anomalo,974,0.10012853890657425,0.7654320987654321
val,ozono_anomalo,191,0.09829103946685791,0.7283950617283951
val,ozono_anomalo,476,0.09759671241044998,0.7407407407407407
val,ozono_anomalo,757,0.0945659726858139,0.691358024691358
val,ozono_anomalo,251,0.09239421039819717,0.6049382716049383
val,ozono_anomalo,270,0.08758038282394409,0.6296296296296297
val,ozono_anomalo,541,0.08645042032003403,0.6049382716049383
val,ozono_anomalo,321,0.08396443724632263,0.5925925925925926
val,ozono_anomalo,269,0.08262685686349869,0.5061728395061729
val,ozono_anomalo,758,0.08201359957456589,0.5432098765432098
val,ozono_anomalo,606,0.08123868703842163,0.5308641975308642
val,ozono_anomalo,106,0.08014295250177383,0.6296296296296297
val,ozono_anomalo,660,0.07930905371904373,0.5308641975308642
val,ozono_anomalo,669,0.07917434722185135,0.5925925925925926
val,ozono_anomalo,1019,0.07691638171672821,0.4691358024691358
val,ozono_anomalo,519,0.07566050440073013,0.5308641975308642
val,ozono_anomalo,531,0.07483541965484619,0.5432098765432098
val,ozono_anomalo,841,0.07132396101951599,0.4444444444444444
val,ozono_anomalo,961,0.07105881720781326,0.48148148148148145
val,suelo_urbano,568,0.3239710330963135,0.7333333333333333
val,suelo_urbano,3,0.314357727766037,0.7555555555555555
val,suelo_urbano,350,0.27310076355934143,0.8888888888888888
val,suelo_urbano,5,0.2689112722873688,0.8222222222222222
val,suelo_urbano,652,0.2618544399738312,0.6666666666666666
val,suelo_urbano,899,0.26038995385169983,0.7777777777777778
val,suelo_urbano,379,0.25293397903442383,0.6222222222222222
val,suelo_urbano,928,0.2509748339653015,0.4666666666666667
val,suelo_urbano,288,0.24337787926197052,0.4444444444444444
val,suelo_urbano,442,0.24282728135585785,0.8222222222222222
val,suelo_urbano,4,0.24086612462997437,0.8222222222222222
val,suelo_urbano,26,0.23545706272125244,0.5777777777777777
val,suelo_urbano,140,0.2325192093849182,0.7777777777777778
val,suelo_urbano,956,0.21076327562332153,0.6
val,suelo_urbano,913,0.20890024304389954,0.6888888888888889
val,suelo_urbano,411,0.2016863226890564,0.7555555555555555
val,suelo_urbano,713,0.19616885483264923,0.7555555555555555
val,suelo_urbano,747,0.19553494453430176,0.6
val,suelo_urbano,397,0.18940412998199463,0.5111111111111111
val,suelo_urbano,524,0.18531487882137299,0.6
val,suelo_urbano,861,0.17995817959308624,0.6222222222222222
val,suelo_urbano,265,0.17899534106254578,0.6444444444444445
val,suelo_urbano,53,0.17745812237262726,0.4888888888888889
val,suelo_urbano,375,0.1772083193063736,0.7333333333333333
val,suelo_urbano,552,0.1767578125,0.6
val,vegetacion_densa,269,0.18423838913440704,0.8444444444444444
val,vegetacion_densa,961,0.15937988460063934,0.8666666666666667
val,vegetacion_densa,612,0.14309771358966827,0.8222222222222222
val,vegetacion_densa,275,0.13896143436431885,0.6444444444444445
val,vegetacion_densa,524,0.12978066504001617,0.6888888888888889
val,vegetacion_densa,605,0.12819713354110718,0.7333333333333333
val,vegetacion_densa,204,0.12594114243984222,0.7555555555555555
val,vegetacion_densa,650,0.12017806619405746,0.6444444444444445
val,vegetacion_densa,566,0.11743932217359543,0.8
val,vegetacion_densa,674,0.11429902166128159,0.6666666666666666
val,vegetacion_densa,534,0.11286767572164536,0.7555555555555555
val,vegetacion_densa,229,0.11233627796173096,0.7333333333333333
val,vegetacion_densa,681,0.11189357191324234,0.7555555555555555
val,vegetacion_densa,374,0.11181128770112991,0.7555555555555555
val,vegetacion_densa,127,0.10785720497369766,0.7333333333333333
val,vegetacion_densa,655,0.10109540820121765,0.6444444444444445
val,vegetacion_densa,959,0.10097270458936691,0.7333333333333333
val,vegetacion_densa,711,0.10063981264829636,0.6222222222222222
val,vegetacion_densa,346,0.10002783685922623,0.5333333333333333
val,vegetacion_densa,837,0.0983746349811554,0.6222222222222222
val,vegetacion_densa,432,0.09793420135974884,0.6888888888888889
val,vegetacion_densa,88,0.09789767861366272,0.6222222222222222
val,vegetacion_densa,898,0.09678065776824951,0.6222222222222222
val,vegetacion_densa,819,0.0934085100889206,0.6666666666666666
val,vegetacion_densa,583,0.0914425328373909,0.6
test,contaminacion_alta_NO2,485,0.10627967864274979,0.7045454545454546
test,contaminacion_alta_NO2,758,0.10356998443603516,0.6818181818181818
test,contaminacion_alta_NO2,600,0.10134244710206985,0.6363636363636364
test,contaminacion_alta_NO2,998,0.09826047718524933,0.6363636363636364
test,contaminacion_alta_NO2,618,0.09024406224489212,0.6363636363636364
test,contaminacion_alta_NO2,321,0.08973401039838791,0.5909090909090909
test,contaminacion_alta_NO2,220,0.08907204866409302,0.6818181818181818
test,contaminacion_alta_NO2,703,0.08035259693861008,0.6590909090909091
test,contaminacion_alta_NO2,711,0.07940354943275452,0.5
test,contaminacion_alta_NO2,350,0.07910848408937454,0.5681818181818182
test,contaminacion_alta_NO2,191,0.07782221585512161,0.5909090909090909
test,contaminacion_alta_NO2,669,0.07687979191541672,0.5681818181818182
test,contaminacion_alta_NO2,367,0.07603880017995834,0.5681818181818182
test,contaminacion_alta_NO2,541,0.07362420111894608,0.5
test,contaminacion_alta_NO2,836,0.07355594635009766,0.5454545454545454
test,contaminacion_alta_NO2,530,0.07118571549654007,0.4318181818181818
test,contaminacion_alta_NO2,705,0.0711018368601799,0.5909090909090909
test,contaminacion_alta_NO2,37,0.07088498026132584,0.6136363636363636
test,contaminacion_alta_NO2,323,0.06974739581346512,0.5227272727272727
test,contaminacion_alta_NO2,429,0.06764043867588043,0.4772727272727273
test,contaminacion_alta_NO2,1,0.06738147139549255,0.5
test,contaminacion_alta_NO2,709,0.06710827350616455,0.4318181818181818
test,contaminacion_alta_NO2,213,0.06405966728925705,0.5
test,contaminacion_alta_NO2,1018,0.06334041804075241,0.5227272727272727
test,contaminacion_alta_NO2,49,0.06264398992061615,0.45454545454545453
test,contaminacion_alta_SO2,711,0.16636574268341064,0.82
test,contaminacion_alta_SO2,432,0.15415354073047638,0.9
test,contaminacion_alta_SO2,1,0.15392665565013885,0.74
test,contaminacion_alta_SO2,692,0.152186319231987,0.82
test,contaminacion_alta_SO2,269,0.14902344346046448,0.8
test,contaminacion_alta_SO2,566,0.14336179196834564,0.82
test,contaminacion_alta_SO2,1019,0.13334399461746216,0.76
test,contaminacion_alta_SO2,191,0.10882061719894409,0.82
test,contaminacion_alta_SO2,476,0.10488294810056686,0.8
test,contaminacion_alta_SO2,617,0.10349512100219727,0.7
test,contaminacion_alta_SO2,422,0.10308320820331573,0.72
test,contaminacion_alta_SO2,974,0.10289785265922546,0.74
test,contaminacion_alta_SO2,757,0.09951301664113998,0.74
test,contaminacion_alta_SO2,531,0.09935402125120163,0.76
test,contaminacion_alta_SO2,204,0.09437156468629837,0.66
test,contaminacion_alta_SO2,270,0.09035402536392212,0.62
test,contaminacion_alta_SO2,830,0.09007453173398972,0.6
test,contaminacion_alta_SO2,708,0.08861970901489258,0.72
test,contaminacion_alta_SO2,456,0.08717282116413116,0.66
test,contaminacion_alta_SO2,681,0.08567037433385849,0.66
test,contaminacion_alta_SO2,321,0.08507739752531052,0.68
test,contaminacion_alta_SO2,485,0.08506496250629425,0.68
test,contaminacion_alta_SO2,605,0.08426165580749512,0.58
test,contaminacion_alta_SO2,49,0.082117460668087,0.6
test,contaminacion_alta_SO2,346,0.08061030507087708,0.62
test,ozono_anomalo,711,0.12800481915473938,0.68
test,ozono_anomalo,692,0.11898115277290344,0.64
test,ozono_anomalo,1,0.11888732016086578,0.68
test,ozono_anomalo,432,0.11127348244190216,0.64
test,ozono_anomalo,251,0.11015172302722931,0.72
test,ozono_anomalo,606,0.10673604160547256,0.66
test,ozono_anomalo,541,0.10350413620471954,0.72
test,ozono_anomalo,566,0.09901387244462967,0.72
test,ozono_anomalo,269,0.096343033015728,0.6
test,ozono_anomalo,323,0.09399683773517609,0.66
test,ozono_anomalo,669,0.09192950278520584,0.64
test,ozono_anomalo,270,0.0890011191368103,0.66
test,ozono_anomalo,978,0.0883827805519104,0.62
test,ozono_anomalo,8,0.08712258189916611,0.68
test,ozono_anomalo,960,0.08284106850624084,0.7
test,ozono_anomalo,974,0.08170723170042038,0.56
test,ozono_anomalo,377,0.08015019446611404,0.6
test,ozono_anomalo,411,0.07844377309083939,0.58
test,ozono_anomalo,531,0.07810809463262558,0.58
test,ozono_anomalo,191,0.07775075733661652,0.6
test,ozono_anomalo,757,0.07668672502040863,0.64
test,ozono_anomalo,660,0.07583654671907425,0.46
test,ozono_anomalo,106,0.0728001594543457,0.6
test,ozono_anomalo,204,0.07258762419223785,0.58
test,ozono_anomalo,830,0.06911375373601913,0.48
test,suelo_urbano,568,0.4008689522743225,0.9555555555555556
test,suelo_urbano,3,0.3569585084915161,0.8666666666666667
test,suelo_urbano,899,0.32442808151245117,0.9555555555555556
test,suelo_urbano,379,0.3223740756511688,0.8444444444444444
test,suelo_urbano,652,0.30835017561912537,0.7777777777777778
test,suelo_urbano,928,0.2917189598083496,0.6666666666666666
test,suelo_urbano,5,0.2909165918827057,0.8888888888888888
test,suelo_urbano,26,0.27780309319496155,0.6888888888888889
test,suelo_urbano,288,0.27004167437553406,0.5111111111111111
test,suelo_urbano,4,0.26935693621635437,0.8444444444444444
test,suelo_urbano,442,0.26927444338798523,0.8666666666666667
test,suelo_urbano,140,0.2670837640762329,0.8666666666666667
test,suelo_urbano,350,0.2642494738101959,0.8666666666666667
test,suelo_urbano,956,0.26159217953681946,0.8222222222222222
test,suelo_urbano,913,0.24518905580043793,0.7555555555555555
test,suelo_urbano,411,0.23656177520751953,0.9555555555555556
test,suelo_urbano,375,0.23519165813922882,0.8888888888888888
test,suelo_urbano,713,0.22879905998706818,0.8
test,suelo_urbano,861,0.22463059425354004,0.8444444444444444
test,suelo_urbano,747,0.2237206995487213,0.7555555555555555
test,suelo_urbano,53,0.22329901158809662,0.7333333333333333
test,suelo_urbano,524,0.2202139049768448,0.6888888888888889
test,suelo_urbano,397,0.20933066308498383,0.5555555555555556
test,suelo_urbano,562,0.2058437168598175,0.7777777777777778
test,suelo_urbano,552,0.20119281113147736,0.6888888888888889
test,vegetacion_densa,269,0.24792204797267914,0.9347826086956522
test,vegetacion_densa,275,0.20914490520954132,0.9130434782608695
test,vegetacion_densa,961,0.20064400136470795,0.9565217391304348
test,vegetacion_densa,650,0.1756654679775238,0.782608695652174
test,vegetacion_densa,674,0.17240865528583527,0.8478260869565217
test,vegetacion_densa,524,0.17115697264671326,0.8043478260869565
test,vegetacion_densa,612,0.1691182553768158,0.8478260869565217
test,vegetacion_densa,605,0.16485552489757538,0.8913043478260869
test,vegetacion_densa,981,0.1598176807165146,0.7608695652173914
test,vegetacion_densa,655,0.15679463744163513,0.782608695652174
test,vegetacion_densa,898,0.15662170946598053,0.782608695652174
test,vegetacion_densa,534,0.15502925217151642,0.8913043478260869
test,vegetacion_densa,88,0.1530884951353073,0.8043478260869565
test,vegetacion_densa,204,0.15301141142845154,0.8478260869565217
test,vegetacion_densa,229,0.14548984169960022,0.782608695652174
test,vegetacion_densa,346,0.14494642615318298,0.7608695652173914
test,vegetacion_densa,219,0.14459338784217834,0.782608695652174
test,vegetacion_densa,566,0.14431951940059662,0.8913043478260869
test,vegetacion_densa,583,0.14337089657783508,0.7391304347826086
test,vegetacion_densa,355,0.14168566465377808,0.782608695652174
test,vegetacion_densa,374,0.1378052532672882,0.8260869565217391
test,vegetacion_densa,681,0.13721218705177307,0.8695652173913043
test,vegetacion_densa,568,0.13699941337108612,0.6304347826086957
test,vegetacion_densa,837,0.12978534400463104,0.8043478260869565
test,vegetacion_densa,238,0.12964919209480286,0.6956521739130435
