pollutant,horizon_days,moran_i,expected_i,p_sim,z_sim,n,status
NO2,1,0.9292248510546601,-0.0005211047420531526,0.001,81.43259712014235,1920,ok
NO2,3,0.9566617252065882,-0.0005211047420531526,0.001,86.35225809253514,1920,ok
NO2,7,0.8976953895863123,-0.0005211047420531526,0.001,79.09289799349217,1920,ok
SO2,1,0.9129275491141344,-0.0005211047420531526,0.001,80.42526736646086,1920,ok
SO2,3,0.9482933293527187,-0.0005211047420531526,0.001,85.82116883666009,1920,ok
SO2,7,0.9302283937141657,-0.0005211047420531526,0.001,83.48196851004211,1920,ok
O3,1,0.9189412605604894,-0.0005211047420531526,0.001,79.97633668789955,1920,ok
O3,3,0.9249782271580163,-0.0005211047420531526,0.001,85.36958876906566,1920,ok
O3,7,0.9178319688450904,-0.0005211047420531526,0.001,81.22662791187976,1920,ok
