entregable_rubrica,estado,evidencia,ruta,archivo_existe,nota
Panel analitico en formato optimizado,Cumple,Panel final Parquet model_safe y caches Zarr Sentinel-2,panel_tabular/panel_geovision_cali_station_hourly_2020_2024_model_safe.parquet,True,El panel final es derivado y comprimido; el Zarr conserva el componente satelital optimizado.
Volumen de datos >= 50 GB,Cumple,"Manifest Sentinel-2 raw: 198 escenas, 93.1 GB decimales / 86.7 GiB",Entrega_Final/Situacion1/tablas/resumen_sentinel2_raw_93gb.csv,True,"El umbral se verifica sobre datos raw/cache de ingesta, no sobre el panel final comprimido."
Manifest JSON con hashes MD5,Cumple,Manifests principales copiados a evidencias/manifests,Entrega_Final/Situacion1/evidencias/manifests/manifest_panel_geovision_cali_2020_2024.json,True,Incluye manifest del panel y manifests por fuente; revisar cada JSON para hashes y dimensiones.
Notebook EDA con minimo 8 visualizaciones,Cumple,Figuras generadas por fuente y panel final,Entrega_Final/Situacion1/figuras,True,"El notebook guarda visualizaciones para DAGMA, ERA5, MODIS, Sentinel-5P, Sentinel-2, panel final y correlaciones."
Cobertura espacial y temporal,Cumple,Tablas y figuras de cobertura por fuente,Entrega_Final/Situacion1/tablas/resumen_cobertura_espacial_fuentes.csv,True,"Incluye estaciones DAGMA/SISAIRE, Sentinel-5P y fuentes con coordenadas disponibles."
"Calidad, nulos y disponibilidad",Cumple,Tablas de nulos/calidad por fuente,Entrega_Final/Situacion1/evidencias/tablas_fuente,True,Se complementa con tablas exportadas en la carpeta tablas/.
Arquitectura cloud,Documentado fuera del EDA,Markdown e imagen de arquitectura RunPod + S3-compatible,/workspace/geovision-cali-hf/Entrega_Final/Situacion1/docs_latex/01_arquitectura_cloud_runpod_s3.md,False,"Se mantiene como soporte para informe LaTeX, no como análisis estadístico del EDA."
Reporte de costos cloud,Documentado fuera del EDA,Costos RunPod en documento Markdown de arquitectura,/workspace/geovision-cali-hf/Entrega_Final/Situacion1/docs_latex/01_arquitectura_cloud_runpod_s3.md,False,Incluye volumen persistente 180 GB y costo aproximado del pod GPU.
ETL distribuido o paralelizado,Documentado con limitacion,Logs de procesamiento por años/meses/tiles y descarga Sentinel-2,Entrega_Final/Situacion1/evidencias/logs/sentinel2_12band_raw_download_full.log,True,No se conserva evidencia directa de Dask/Spark; se documenta procesamiento por fecha/tile/banda y la limitacion metodologica.
