fuente,lat,lon
DAGMA/SISAIRE,3.416366,-76.549613
DAGMA/SISAIRE,3.42826,-76.466584
DAGMA/SISAIRE,3.457317,-76.506539
DAGMA/SISAIRE,3.455514,-76.530978
DAGMA/SISAIRE,3.488218,-76.518058
DAGMA/SISAIRE,3.304517,-76.531252
DAGMA/SISAIRE,3.457128,-76.502303
DAGMA/SISAIRE,3.377911,-76.533811
DAGMA/SISAIRE,3.417183,-76.49496
Sentinel-5P,3.545689582824707,-76.59583282470703
Sentinel-5P,3.545689582824707,-76.5875015258789
Sentinel-5P,3.545689582824707,-76.57917022705078
Sentinel-5P,3.545689582824707,-76.57083129882812
Sentinel-5P,3.545689582824707,-76.5625
Sentinel-5P,3.545689582824707,-76.55416870117188
Sentinel-5P,3.545689582824707,-76.54582977294922
Sentinel-5P,3.545689582824707,-76.5374984741211
Sentinel-5P,3.545689582824707,-76.52916717529297
Sentinel-5P,3.545689582824707,-76.52083587646484
Sentinel-5P,3.545689582824707,-76.51249694824219
Sentinel-5P,3.545689582824707,-76.50416564941406
Sentinel-5P,3.545689582824707,-76.49583435058594
Sentinel-5P,3.545689582824707,-76.48750305175781
Sentinel-5P,3.545689582824707,-76.47916412353516
Sentinel-5P,3.545689582824707,-76.47083282470703
Sentinel-5P,3.545689582824707,-76.4625015258789
Sentinel-5P,3.545689582824707,-76.45417022705078
Sentinel-5P,3.545689582824707,-76.44583129882812
Sentinel-5P,3.545689582824707,-76.4375
Sentinel-5P,3.545689582824707,-76.42916870117188
Sentinel-5P,3.545689582824707,-76.42082977294922
Sentinel-5P,3.545689582824707,-76.4124984741211
Sentinel-5P,3.545689582824707,-76.40416717529297
Sentinel-5P,3.537069082260132,-76.59583282470703
Sentinel-5P,3.537069082260132,-76.5875015258789
Sentinel-5P,3.537069082260132,-76.57917022705078
Sentinel-5P,3.537069082260132,-76.57083129882812
Sentinel-5P,3.537069082260132,-76.5625
Sentinel-5P,3.537069082260132,-76.55416870117188
Sentinel-5P,3.537069082260132,-76.54582977294922
Sentinel-5P,3.537069082260132,-76.5374984741211
Sentinel-5P,3.537069082260132,-76.52916717529297
Sentinel-5P,3.537069082260132,-76.52083587646484
Sentinel-5P,3.537069082260132,-76.51249694824219
Sentinel-5P,3.537069082260132,-76.50416564941406
Sentinel-5P,3.537069082260132,-76.49583435058594
Sentinel-5P,3.537069082260132,-76.48750305175781
Sentinel-5P,3.537069082260132,-76.47916412353516
Sentinel-5P,3.537069082260132,-76.47083282470703
Sentinel-5P,3.537069082260132,-76.4625015258789
Sentinel-5P,3.537069082260132,-76.45417022705078
Sentinel-5P,3.537069082260132,-76.44583129882812
Sentinel-5P,3.537069082260132,-76.4375
Sentinel-5P,3.537069082260132,-76.42916870117188
Sentinel-5P,3.537069082260132,-76.42082977294922
Sentinel-5P,3.537069082260132,-76.4124984741211
Sentinel-5P,3.537069082260132,-76.40416717529297
Sentinel-5P,3.5284483432769775,-76.59583282470703
Sentinel-5P,3.5284483432769775,-76.5875015258789
Sentinel-5P,3.5284483432769775,-76.57917022705078
Sentinel-5P,3.5284483432769775,-76.57083129882812
Sentinel-5P,3.5284483432769775,-76.5625
Sentinel-5P,3.5284483432769775,-76.55416870117188
Sentinel-5P,3.5284483432769775,-76.54582977294922
Sentinel-5P,3.5284483432769775,-76.5374984741211
Sentinel-5P,3.5284483432769775,-76.52916717529297
Sentinel-5P,3.5284483432769775,-76.52083587646484
Sentinel-5P,3.5284483432769775,-76.51249694824219
Sentinel-5P,3.5284483432769775,-76.50416564941406
Sentinel-5P,3.5284483432769775,-76.49583435058594
Sentinel-5P,3.5284483432769775,-76.48750305175781
Sentinel-5P,3.5284483432769775,-76.47916412353516
Sentinel-5P,3.5284483432769775,-76.47083282470703
Sentinel-5P,3.5284483432769775,-76.4625015258789
Sentinel-5P,3.5284483432769775,-76.45417022705078
Sentinel-5P,3.5284483432769775,-76.44583129882812
Sentinel-5P,3.5284483432769775,-76.4375
Sentinel-5P,3.5284483432769775,-76.42916870117188
Sentinel-5P,3.5284483432769775,-76.42082977294922
Sentinel-5P,3.5284483432769775,-76.4124984741211
Sentinel-5P,3.5284483432769775,-76.40416717529297
Sentinel-5P,3.5198276042938232,-76.59583282470703
Sentinel-5P,3.5198276042938232,-76.5875015258789
Sentinel-5P,3.5198276042938232,-76.57917022705078
Sentinel-5P,3.5198276042938232,-76.57083129882812
Sentinel-5P,3.5198276042938232,-76.5625
Sentinel-5P,3.5198276042938232,-76.55416870117188
Sentinel-5P,3.5198276042938232,-76.54582977294922
Sentinel-5P,3.5198276042938232,-76.5374984741211
Sentinel-5P,3.5198276042938232,-76.52916717529297
Sentinel-5P,3.5198276042938232,-76.52083587646484
Sentinel-5P,3.5198276042938232,-76.51249694824219
Sentinel-5P,3.5198276042938232,-76.50416564941406
Sentinel-5P,3.5198276042938232,-76.49583435058594
Sentinel-5P,3.5198276042938232,-76.48750305175781
Sentinel-5P,3.5198276042938232,-76.47916412353516
Sentinel-5P,3.5198276042938232,-76.47083282470703
Sentinel-5P,3.5198276042938232,-76.4625015258789
Sentinel-5P,3.5198276042938232,-76.45417022705078
Sentinel-5P,3.5198276042938232,-76.44583129882812
Sentinel-5P,3.5198276042938232,-76.4375
Sentinel-5P,3.5198276042938232,-76.42916870117188
Sentinel-5P,3.5198276042938232,-76.42082977294922
Sentinel-5P,3.5198276042938232,-76.4124984741211
Sentinel-5P,3.5198276042938232,-76.40416717529297
Sentinel-5P,3.511206865310669,-76.59583282470703
Sentinel-5P,3.511206865310669,-76.5875015258789
Sentinel-5P,3.511206865310669,-76.57917022705078
Sentinel-5P,3.511206865310669,-76.57083129882812
Sentinel-5P,3.511206865310669,-76.5625
Sentinel-5P,3.511206865310669,-76.55416870117188
Sentinel-5P,3.511206865310669,-76.54582977294922
Sentinel-5P,3.511206865310669,-76.5374984741211
Sentinel-5P,3.511206865310669,-76.52916717529297
Sentinel-5P,3.511206865310669,-76.52083587646484
Sentinel-5P,3.511206865310669,-76.51249694824219
Sentinel-5P,3.511206865310669,-76.50416564941406
Sentinel-5P,3.511206865310669,-76.49583435058594
Sentinel-5P,3.511206865310669,-76.48750305175781
Sentinel-5P,3.511206865310669,-76.47916412353516
Sentinel-5P,3.511206865310669,-76.47083282470703
Sentinel-5P,3.511206865310669,-76.4625015258789
Sentinel-5P,3.511206865310669,-76.45417022705078
Sentinel-5P,3.511206865310669,-76.44583129882812
Sentinel-5P,3.511206865310669,-76.4375
Sentinel-5P,3.511206865310669,-76.42916870117188
Sentinel-5P,3.511206865310669,-76.42082977294922
Sentinel-5P,3.511206865310669,-76.4124984741211
Sentinel-5P,3.511206865310669,-76.40416717529297
Sentinel-5P,3.5025861263275146,-76.59583282470703
Sentinel-5P,3.5025861263275146,-76.5875015258789
Sentinel-5P,3.5025861263275146,-76.57917022705078
Sentinel-5P,3.5025861263275146,-76.57083129882812
Sentinel-5P,3.5025861263275146,-76.5625
Sentinel-5P,3.5025861263275146,-76.55416870117188
Sentinel-5P,3.5025861263275146,-76.54582977294922
Sentinel-5P,3.5025861263275146,-76.5374984741211
Sentinel-5P,3.5025861263275146,-76.52916717529297
Sentinel-5P,3.5025861263275146,-76.52083587646484
Sentinel-5P,3.5025861263275146,-76.51249694824219
Sentinel-5P,3.5025861263275146,-76.50416564941406
Sentinel-5P,3.5025861263275146,-76.49583435058594
Sentinel-5P,3.5025861263275146,-76.48750305175781
Sentinel-5P,3.5025861263275146,-76.47916412353516
Sentinel-5P,3.5025861263275146,-76.47083282470703
Sentinel-5P,3.5025861263275146,-76.4625015258789
Sentinel-5P,3.5025861263275146,-76.45417022705078
Sentinel-5P,3.5025861263275146,-76.44583129882812
Sentinel-5P,3.5025861263275146,-76.4375
Sentinel-5P,3.5025861263275146,-76.42916870117188
Sentinel-5P,3.5025861263275146,-76.42082977294922
Sentinel-5P,3.5025861263275146,-76.4124984741211
Sentinel-5P,3.5025861263275146,-76.40416717529297
Sentinel-5P,3.4939656257629395,-76.59583282470703
Sentinel-5P,3.4939656257629395,-76.5875015258789
Sentinel-5P,3.4939656257629395,-76.57917022705078
Sentinel-5P,3.4939656257629395,-76.57083129882812
Sentinel-5P,3.4939656257629395,-76.5625
Sentinel-5P,3.4939656257629395,-76.55416870117188
Sentinel-5P,3.4939656257629395,-76.54582977294922
Sentinel-5P,3.4939656257629395,-76.5374984741211
Sentinel-5P,3.4939656257629395,-76.52916717529297
Sentinel-5P,3.4939656257629395,-76.52083587646484
Sentinel-5P,3.4939656257629395,-76.51249694824219
Sentinel-5P,3.4939656257629395,-76.50416564941406
Sentinel-5P,3.4939656257629395,-76.49583435058594
Sentinel-5P,3.4939656257629395,-76.48750305175781
Sentinel-5P,3.4939656257629395,-76.47916412353516
Sentinel-5P,3.4939656257629395,-76.47083282470703
Sentinel-5P,3.4939656257629395,-76.4625015258789
Sentinel-5P,3.4939656257629395,-76.45417022705078
Sentinel-5P,3.4939656257629395,-76.44583129882812
Sentinel-5P,3.4939656257629395,-76.4375
Sentinel-5P,3.4939656257629395,-76.42916870117188
Sentinel-5P,3.4939656257629395,-76.42082977294922
Sentinel-5P,3.4939656257629395,-76.4124984741211
Sentinel-5P,3.4939656257629395,-76.40416717529297
Sentinel-5P,3.485344886779785,-76.59583282470703
Sentinel-5P,3.485344886779785,-76.5875015258789
Sentinel-5P,3.485344886779785,-76.57917022705078
Sentinel-5P,3.485344886779785,-76.57083129882812
Sentinel-5P,3.485344886779785,-76.5625
Sentinel-5P,3.485344886779785,-76.55416870117188
Sentinel-5P,3.485344886779785,-76.54582977294922
Sentinel-5P,3.485344886779785,-76.5374984741211
Sentinel-5P,3.485344886779785,-76.52916717529297
Sentinel-5P,3.485344886779785,-76.52083587646484
Sentinel-5P,3.485344886779785,-76.51249694824219
Sentinel-5P,3.485344886779785,-76.50416564941406
Sentinel-5P,3.485344886779785,-76.49583435058594
Sentinel-5P,3.485344886779785,-76.48750305175781
Sentinel-5P,3.485344886779785,-76.47916412353516
Sentinel-5P,3.485344886779785,-76.47083282470703
Sentinel-5P,3.485344886779785,-76.4625015258789
Sentinel-5P,3.485344886779785,-76.45417022705078
Sentinel-5P,3.485344886779785,-76.44583129882812
Sentinel-5P,3.485344886779785,-76.4375
Sentinel-5P,3.485344886779785,-76.42916870117188
Sentinel-5P,3.485344886779785,-76.42082977294922
Sentinel-5P,3.485344886779785,-76.4124984741211
Sentinel-5P,3.485344886779785,-76.40416717529297
Sentinel-5P,3.476724147796631,-76.59583282470703
Sentinel-5P,3.476724147796631,-76.5875015258789
Sentinel-5P,3.476724147796631,-76.57917022705078
Sentinel-5P,3.476724147796631,-76.57083129882812
Sentinel-5P,3.476724147796631,-76.5625
Sentinel-5P,3.476724147796631,-76.55416870117188
Sentinel-5P,3.476724147796631,-76.54582977294922
Sentinel-5P,3.476724147796631,-76.5374984741211
Sentinel-5P,3.476724147796631,-76.52916717529297
Sentinel-5P,3.476724147796631,-76.52083587646484
Sentinel-5P,3.476724147796631,-76.51249694824219
Sentinel-5P,3.476724147796631,-76.50416564941406
Sentinel-5P,3.476724147796631,-76.49583435058594
Sentinel-5P,3.476724147796631,-76.48750305175781
Sentinel-5P,3.476724147796631,-76.47916412353516
Sentinel-5P,3.476724147796631,-76.47083282470703
Sentinel-5P,3.476724147796631,-76.4625015258789
Sentinel-5P,3.476724147796631,-76.45417022705078
Sentinel-5P,3.476724147796631,-76.44583129882812
Sentinel-5P,3.476724147796631,-76.4375
Sentinel-5P,3.476724147796631,-76.42916870117188
Sentinel-5P,3.476724147796631,-76.42082977294922
Sentinel-5P,3.476724147796631,-76.4124984741211
Sentinel-5P,3.476724147796631,-76.40416717529297
Sentinel-5P,3.4681034088134766,-76.59583282470703
Sentinel-5P,3.4681034088134766,-76.5875015258789
Sentinel-5P,3.4681034088134766,-76.57917022705078
Sentinel-5P,3.4681034088134766,-76.57083129882812
Sentinel-5P,3.4681034088134766,-76.5625
Sentinel-5P,3.4681034088134766,-76.55416870117188
Sentinel-5P,3.4681034088134766,-76.54582977294922
Sentinel-5P,3.4681034088134766,-76.5374984741211
Sentinel-5P,3.4681034088134766,-76.52916717529297
Sentinel-5P,3.4681034088134766,-76.52083587646484
Sentinel-5P,3.4681034088134766,-76.51249694824219
Sentinel-5P,3.4681034088134766,-76.50416564941406
Sentinel-5P,3.4681034088134766,-76.49583435058594
Sentinel-5P,3.4681034088134766,-76.48750305175781
Sentinel-5P,3.4681034088134766,-76.47916412353516
Sentinel-5P,3.4681034088134766,-76.47083282470703
Sentinel-5P,3.4681034088134766,-76.4625015258789
Sentinel-5P,3.4681034088134766,-76.45417022705078
Sentinel-5P,3.4681034088134766,-76.44583129882812
Sentinel-5P,3.4681034088134766,-76.4375
Sentinel-5P,3.4681034088134766,-76.42916870117188
Sentinel-5P,3.4681034088134766,-76.42082977294922
Sentinel-5P,3.4681034088134766,-76.4124984741211
Sentinel-5P,3.4681034088134766,-76.40416717529297
Sentinel-5P,3.4594826698303223,-76.59583282470703
Sentinel-5P,3.4594826698303223,-76.5875015258789
Sentinel-5P,3.4594826698303223,-76.57917022705078
Sentinel-5P,3.4594826698303223,-76.57083129882812
Sentinel-5P,3.4594826698303223,-76.5625
Sentinel-5P,3.4594826698303223,-76.55416870117188
Sentinel-5P,3.4594826698303223,-76.54582977294922
Sentinel-5P,3.4594826698303223,-76.5374984741211
Sentinel-5P,3.4594826698303223,-76.52916717529297
Sentinel-5P,3.4594826698303223,-76.52083587646484
Sentinel-5P,3.4594826698303223,-76.51249694824219
Sentinel-5P,3.4594826698303223,-76.50416564941406
Sentinel-5P,3.4594826698303223,-76.49583435058594
Sentinel-5P,3.4594826698303223,-76.48750305175781
Sentinel-5P,3.4594826698303223,-76.47916412353516
Sentinel-5P,3.4594826698303223,-76.47083282470703
Sentinel-5P,3.4594826698303223,-76.4625015258789
Sentinel-5P,3.4594826698303223,-76.45417022705078
Sentinel-5P,3.4594826698303223,-76.44583129882812
Sentinel-5P,3.4594826698303223,-76.4375
Sentinel-5P,3.4594826698303223,-76.42916870117188
Sentinel-5P,3.4594826698303223,-76.42082977294922
Sentinel-5P,3.4594826698303223,-76.4124984741211
Sentinel-5P,3.4594826698303223,-76.40416717529297
Sentinel-5P,3.450862169265747,-76.59583282470703
Sentinel-5P,3.450862169265747,-76.5875015258789
Sentinel-5P,3.450862169265747,-76.57917022705078
Sentinel-5P,3.450862169265747,-76.57083129882812
Sentinel-5P,3.450862169265747,-76.5625
Sentinel-5P,3.450862169265747,-76.55416870117188
Sentinel-5P,3.450862169265747,-76.54582977294922
Sentinel-5P,3.450862169265747,-76.5374984741211
Sentinel-5P,3.450862169265747,-76.52916717529297
Sentinel-5P,3.450862169265747,-76.52083587646484
Sentinel-5P,3.450862169265747,-76.51249694824219
Sentinel-5P,3.450862169265747,-76.50416564941406
Sentinel-5P,3.450862169265747,-76.49583435058594
Sentinel-5P,3.450862169265747,-76.48750305175781
Sentinel-5P,3.450862169265747,-76.47916412353516
Sentinel-5P,3.450862169265747,-76.47083282470703
Sentinel-5P,3.450862169265747,-76.4625015258789
Sentinel-5P,3.450862169265747,-76.45417022705078
Sentinel-5P,3.450862169265747,-76.44583129882812
Sentinel-5P,3.450862169265747,-76.4375
Sentinel-5P,3.450862169265747,-76.42916870117188
Sentinel-5P,3.450862169265747,-76.42082977294922
Sentinel-5P,3.450862169265747,-76.4124984741211
Sentinel-5P,3.450862169265747,-76.40416717529297
Sentinel-5P,3.4422414302825928,-76.59583282470703
Sentinel-5P,3.4422414302825928,-76.5875015258789
Sentinel-5P,3.4422414302825928,-76.57917022705078
Sentinel-5P,3.4422414302825928,-76.57083129882812
Sentinel-5P,3.4422414302825928,-76.5625
Sentinel-5P,3.4422414302825928,-76.55416870117188
Sentinel-5P,3.4422414302825928,-76.54582977294922
Sentinel-5P,3.4422414302825928,-76.5374984741211
Sentinel-5P,3.4422414302825928,-76.52916717529297
Sentinel-5P,3.4422414302825928,-76.52083587646484
Sentinel-5P,3.4422414302825928,-76.51249694824219
Sentinel-5P,3.4422414302825928,-76.50416564941406
Sentinel-5P,3.4422414302825928,-76.49583435058594
Sentinel-5P,3.4422414302825928,-76.48750305175781
Sentinel-5P,3.4422414302825928,-76.47916412353516
Sentinel-5P,3.4422414302825928,-76.47083282470703
Sentinel-5P,3.4422414302825928,-76.4625015258789
Sentinel-5P,3.4422414302825928,-76.45417022705078
Sentinel-5P,3.4422414302825928,-76.44583129882812
Sentinel-5P,3.4422414302825928,-76.4375
Sentinel-5P,3.4422414302825928,-76.42916870117188
Sentinel-5P,3.4422414302825928,-76.42082977294922
Sentinel-5P,3.4422414302825928,-76.4124984741211
Sentinel-5P,3.4422414302825928,-76.40416717529297
Sentinel-5P,3.4336206912994385,-76.59583282470703
Sentinel-5P,3.4336206912994385,-76.5875015258789
Sentinel-5P,3.4336206912994385,-76.57917022705078
Sentinel-5P,3.4336206912994385,-76.57083129882812
Sentinel-5P,3.4336206912994385,-76.5625
Sentinel-5P,3.4336206912994385,-76.55416870117188
Sentinel-5P,3.4336206912994385,-76.54582977294922
Sentinel-5P,3.4336206912994385,-76.5374984741211
Sentinel-5P,3.4336206912994385,-76.52916717529297
Sentinel-5P,3.4336206912994385,-76.52083587646484
Sentinel-5P,3.4336206912994385,-76.51249694824219
Sentinel-5P,3.4336206912994385,-76.50416564941406
Sentinel-5P,3.4336206912994385,-76.49583435058594
Sentinel-5P,3.4336206912994385,-76.48750305175781
Sentinel-5P,3.4336206912994385,-76.47916412353516
Sentinel-5P,3.4336206912994385,-76.47083282470703
Sentinel-5P,3.4336206912994385,-76.4625015258789
Sentinel-5P,3.4336206912994385,-76.45417022705078
Sentinel-5P,3.4336206912994385,-76.44583129882812
Sentinel-5P,3.4336206912994385,-76.4375
Sentinel-5P,3.4336206912994385,-76.42916870117188
Sentinel-5P,3.4336206912994385,-76.42082977294922
Sentinel-5P,3.4336206912994385,-76.4124984741211
Sentinel-5P,3.4336206912994385,-76.40416717529297
Sentinel-5P,3.424999952316284,-76.59583282470703
Sentinel-5P,3.424999952316284,-76.5875015258789
Sentinel-5P,3.424999952316284,-76.57917022705078
Sentinel-5P,3.424999952316284,-76.57083129882812
Sentinel-5P,3.424999952316284,-76.5625
Sentinel-5P,3.424999952316284,-76.55416870117188
Sentinel-5P,3.424999952316284,-76.54582977294922
Sentinel-5P,3.424999952316284,-76.5374984741211
Sentinel-5P,3.424999952316284,-76.52916717529297
Sentinel-5P,3.424999952316284,-76.52083587646484
Sentinel-5P,3.424999952316284,-76.51249694824219
Sentinel-5P,3.424999952316284,-76.50416564941406
Sentinel-5P,3.424999952316284,-76.49583435058594
Sentinel-5P,3.424999952316284,-76.48750305175781
Sentinel-5P,3.424999952316284,-76.47916412353516
Sentinel-5P,3.424999952316284,-76.47083282470703
Sentinel-5P,3.424999952316284,-76.4625015258789
Sentinel-5P,3.424999952316284,-76.45417022705078
Sentinel-5P,3.424999952316284,-76.44583129882812
Sentinel-5P,3.424999952316284,-76.4375
Sentinel-5P,3.424999952316284,-76.42916870117188
Sentinel-5P,3.424999952316284,-76.42082977294922
Sentinel-5P,3.424999952316284,-76.4124984741211
Sentinel-5P,3.424999952316284,-76.40416717529297
Sentinel-5P,3.41637921333313,-76.59583282470703
Sentinel-5P,3.41637921333313,-76.5875015258789
Sentinel-5P,3.41637921333313,-76.57917022705078
Sentinel-5P,3.41637921333313,-76.57083129882812
Sentinel-5P,3.41637921333313,-76.5625
Sentinel-5P,3.41637921333313,-76.55416870117188
Sentinel-5P,3.41637921333313,-76.54582977294922
Sentinel-5P,3.41637921333313,-76.5374984741211
Sentinel-5P,3.41637921333313,-76.52916717529297
Sentinel-5P,3.41637921333313,-76.52083587646484
Sentinel-5P,3.41637921333313,-76.51249694824219
Sentinel-5P,3.41637921333313,-76.50416564941406
Sentinel-5P,3.41637921333313,-76.49583435058594
Sentinel-5P,3.41637921333313,-76.48750305175781
Sentinel-5P,3.41637921333313,-76.47916412353516
Sentinel-5P,3.41637921333313,-76.47083282470703
Sentinel-5P,3.41637921333313,-76.4625015258789
Sentinel-5P,3.41637921333313,-76.45417022705078
Sentinel-5P,3.41637921333313,-76.44583129882812
Sentinel-5P,3.41637921333313,-76.4375
Sentinel-5P,3.41637921333313,-76.42916870117188
Sentinel-5P,3.41637921333313,-76.42082977294922
Sentinel-5P,3.41637921333313,-76.4124984741211
Sentinel-5P,3.41637921333313,-76.40416717529297
Sentinel-5P,3.4077587127685547,-76.59583282470703
Sentinel-5P,3.4077587127685547,-76.5875015258789
Sentinel-5P,3.4077587127685547,-76.57917022705078
Sentinel-5P,3.4077587127685547,-76.57083129882812
Sentinel-5P,3.4077587127685547,-76.5625
Sentinel-5P,3.4077587127685547,-76.55416870117188
Sentinel-5P,3.4077587127685547,-76.54582977294922
Sentinel-5P,3.4077587127685547,-76.5374984741211
Sentinel-5P,3.4077587127685547,-76.52916717529297
Sentinel-5P,3.4077587127685547,-76.52083587646484
Sentinel-5P,3.4077587127685547,-76.51249694824219
Sentinel-5P,3.4077587127685547,-76.50416564941406
Sentinel-5P,3.4077587127685547,-76.49583435058594
Sentinel-5P,3.4077587127685547,-76.48750305175781
Sentinel-5P,3.4077587127685547,-76.47916412353516
Sentinel-5P,3.4077587127685547,-76.47083282470703
Sentinel-5P,3.4077587127685547,-76.4625015258789
Sentinel-5P,3.4077587127685547,-76.45417022705078
Sentinel-5P,3.4077587127685547,-76.44583129882812
Sentinel-5P,3.4077587127685547,-76.4375
Sentinel-5P,3.4077587127685547,-76.42916870117188
Sentinel-5P,3.4077587127685547,-76.42082977294922
Sentinel-5P,3.4077587127685547,-76.4124984741211
Sentinel-5P,3.4077587127685547,-76.40416717529297
Sentinel-5P,3.3991379737854004,-76.59583282470703
Sentinel-5P,3.3991379737854004,-76.5875015258789
Sentinel-5P,3.3991379737854004,-76.57917022705078
Sentinel-5P,3.3991379737854004,-76.57083129882812
Sentinel-5P,3.3991379737854004,-76.5625
Sentinel-5P,3.3991379737854004,-76.55416870117188
Sentinel-5P,3.3991379737854004,-76.54582977294922
Sentinel-5P,3.3991379737854004,-76.5374984741211
Sentinel-5P,3.3991379737854004,-76.52916717529297
Sentinel-5P,3.3991379737854004,-76.52083587646484
Sentinel-5P,3.3991379737854004,-76.51249694824219
Sentinel-5P,3.3991379737854004,-76.50416564941406
Sentinel-5P,3.3991379737854004,-76.49583435058594
Sentinel-5P,3.3991379737854004,-76.48750305175781
Sentinel-5P,3.3991379737854004,-76.47916412353516
Sentinel-5P,3.3991379737854004,-76.47083282470703
Sentinel-5P,3.3991379737854004,-76.4625015258789
Sentinel-5P,3.3991379737854004,-76.45417022705078
Sentinel-5P,3.3991379737854004,-76.44583129882812
Sentinel-5P,3.3991379737854004,-76.4375
Sentinel-5P,3.3991379737854004,-76.42916870117188
Sentinel-5P,3.3991379737854004,-76.42082977294922
Sentinel-5P,3.3991379737854004,-76.4124984741211
Sentinel-5P,3.3991379737854004,-76.40416717529297
Sentinel-5P,3.390517234802246,-76.59583282470703
Sentinel-5P,3.390517234802246,-76.5875015258789
Sentinel-5P,3.390517234802246,-76.57917022705078
Sentinel-5P,3.390517234802246,-76.57083129882812
Sentinel-5P,3.390517234802246,-76.5625
Sentinel-5P,3.390517234802246,-76.55416870117188
Sentinel-5P,3.390517234802246,-76.54582977294922
Sentinel-5P,3.390517234802246,-76.5374984741211
Sentinel-5P,3.390517234802246,-76.52916717529297
Sentinel-5P,3.390517234802246,-76.52083587646484
Sentinel-5P,3.390517234802246,-76.51249694824219
Sentinel-5P,3.390517234802246,-76.50416564941406
Sentinel-5P,3.390517234802246,-76.49583435058594
Sentinel-5P,3.390517234802246,-76.48750305175781
Sentinel-5P,3.390517234802246,-76.47916412353516
Sentinel-5P,3.390517234802246,-76.47083282470703
Sentinel-5P,3.390517234802246,-76.4625015258789
Sentinel-5P,3.390517234802246,-76.45417022705078
Sentinel-5P,3.390517234802246,-76.44583129882812
Sentinel-5P,3.390517234802246,-76.4375
Sentinel-5P,3.390517234802246,-76.42916870117188
Sentinel-5P,3.390517234802246,-76.42082977294922
Sentinel-5P,3.390517234802246,-76.4124984741211
Sentinel-5P,3.390517234802246,-76.40416717529297
Sentinel-5P,3.381896495819092,-76.59583282470703
Sentinel-5P,3.381896495819092,-76.5875015258789
Sentinel-5P,3.381896495819092,-76.57917022705078
Sentinel-5P,3.381896495819092,-76.57083129882812
Sentinel-5P,3.381896495819092,-76.5625
Sentinel-5P,3.381896495819092,-76.55416870117188
Sentinel-5P,3.381896495819092,-76.54582977294922
Sentinel-5P,3.381896495819092,-76.5374984741211
Sentinel-5P,3.381896495819092,-76.52916717529297
Sentinel-5P,3.381896495819092,-76.52083587646484
Sentinel-5P,3.381896495819092,-76.51249694824219
Sentinel-5P,3.381896495819092,-76.50416564941406
Sentinel-5P,3.381896495819092,-76.49583435058594
Sentinel-5P,3.381896495819092,-76.48750305175781
Sentinel-5P,3.381896495819092,-76.47916412353516
Sentinel-5P,3.381896495819092,-76.47083282470703
Sentinel-5P,3.381896495819092,-76.4625015258789
Sentinel-5P,3.381896495819092,-76.45417022705078
Sentinel-5P,3.381896495819092,-76.44583129882812
Sentinel-5P,3.381896495819092,-76.4375
Sentinel-5P,3.381896495819092,-76.42916870117188
Sentinel-5P,3.381896495819092,-76.42082977294922
Sentinel-5P,3.381896495819092,-76.4124984741211
Sentinel-5P,3.381896495819092,-76.40416717529297
Sentinel-5P,3.3732757568359375,-76.59583282470703
Sentinel-5P,3.3732757568359375,-76.5875015258789
Sentinel-5P,3.3732757568359375,-76.57917022705078
Sentinel-5P,3.3732757568359375,-76.57083129882812
Sentinel-5P,3.3732757568359375,-76.5625
Sentinel-5P,3.3732757568359375,-76.55416870117188
Sentinel-5P,3.3732757568359375,-76.54582977294922
Sentinel-5P,3.3732757568359375,-76.5374984741211
Sentinel-5P,3.3732757568359375,-76.52916717529297
Sentinel-5P,3.3732757568359375,-76.52083587646484
Sentinel-5P,3.3732757568359375,-76.51249694824219
Sentinel-5P,3.3732757568359375,-76.50416564941406
Sentinel-5P,3.3732757568359375,-76.49583435058594
Sentinel-5P,3.3732757568359375,-76.48750305175781
Sentinel-5P,3.3732757568359375,-76.47916412353516
Sentinel-5P,3.3732757568359375,-76.47083282470703
Sentinel-5P,3.3732757568359375,-76.4625015258789
Sentinel-5P,3.3732757568359375,-76.45417022705078
Sentinel-5P,3.3732757568359375,-76.44583129882812
Sentinel-5P,3.3732757568359375,-76.4375
Sentinel-5P,3.3732757568359375,-76.42916870117188
Sentinel-5P,3.3732757568359375,-76.42082977294922
Sentinel-5P,3.3732757568359375,-76.4124984741211
Sentinel-5P,3.3732757568359375,-76.40416717529297
Sentinel-5P,3.3646552562713623,-76.59583282470703
Sentinel-5P,3.3646552562713623,-76.5875015258789
Sentinel-5P,3.3646552562713623,-76.57917022705078
Sentinel-5P,3.3646552562713623,-76.57083129882812
Sentinel-5P,3.3646552562713623,-76.5625
Sentinel-5P,3.3646552562713623,-76.55416870117188
Sentinel-5P,3.3646552562713623,-76.54582977294922
Sentinel-5P,3.3646552562713623,-76.5374984741211
Sentinel-5P,3.3646552562713623,-76.52916717529297
Sentinel-5P,3.3646552562713623,-76.52083587646484
Sentinel-5P,3.3646552562713623,-76.51249694824219
Sentinel-5P,3.3646552562713623,-76.50416564941406
Sentinel-5P,3.3646552562713623,-76.49583435058594
Sentinel-5P,3.3646552562713623,-76.48750305175781
Sentinel-5P,3.3646552562713623,-76.47916412353516
Sentinel-5P,3.3646552562713623,-76.47083282470703
Sentinel-5P,3.3646552562713623,-76.4625015258789
Sentinel-5P,3.3646552562713623,-76.45417022705078
Sentinel-5P,3.3646552562713623,-76.44583129882812
Sentinel-5P,3.3646552562713623,-76.4375
Sentinel-5P,3.3646552562713623,-76.42916870117188
Sentinel-5P,3.3646552562713623,-76.42082977294922
Sentinel-5P,3.3646552562713623,-76.4124984741211
Sentinel-5P,3.3646552562713623,-76.40416717529297
Sentinel-5P,3.356034517288208,-76.59583282470703
Sentinel-5P,3.356034517288208,-76.5875015258789
Sentinel-5P,3.356034517288208,-76.57917022705078
Sentinel-5P,3.356034517288208,-76.57083129882812
Sentinel-5P,3.356034517288208,-76.5625
Sentinel-5P,3.356034517288208,-76.55416870117188
Sentinel-5P,3.356034517288208,-76.54582977294922
Sentinel-5P,3.356034517288208,-76.5374984741211
Sentinel-5P,3.356034517288208,-76.52916717529297
Sentinel-5P,3.356034517288208,-76.52083587646484
Sentinel-5P,3.356034517288208,-76.51249694824219
Sentinel-5P,3.356034517288208,-76.50416564941406
Sentinel-5P,3.356034517288208,-76.49583435058594
Sentinel-5P,3.356034517288208,-76.48750305175781
Sentinel-5P,3.356034517288208,-76.47916412353516
Sentinel-5P,3.356034517288208,-76.47083282470703
Sentinel-5P,3.356034517288208,-76.4625015258789
Sentinel-5P,3.356034517288208,-76.45417022705078
Sentinel-5P,3.356034517288208,-76.44583129882812
Sentinel-5P,3.356034517288208,-76.4375
Sentinel-5P,3.356034517288208,-76.42916870117188
Sentinel-5P,3.356034517288208,-76.42082977294922
Sentinel-5P,3.356034517288208,-76.4124984741211
Sentinel-5P,3.356034517288208,-76.40416717529297
Sentinel-5P,3.3474137783050537,-76.59583282470703
Sentinel-5P,3.3474137783050537,-76.5875015258789
Sentinel-5P,3.3474137783050537,-76.57917022705078
Sentinel-5P,3.3474137783050537,-76.57083129882812
Sentinel-5P,3.3474137783050537,-76.5625
Sentinel-5P,3.3474137783050537,-76.55416870117188
Sentinel-5P,3.3474137783050537,-76.54582977294922
Sentinel-5P,3.3474137783050537,-76.5374984741211
Sentinel-5P,3.3474137783050537,-76.52916717529297
Sentinel-5P,3.3474137783050537,-76.52083587646484
Sentinel-5P,3.3474137783050537,-76.51249694824219
Sentinel-5P,3.3474137783050537,-76.50416564941406
Sentinel-5P,3.3474137783050537,-76.49583435058594
Sentinel-5P,3.3474137783050537,-76.48750305175781
Sentinel-5P,3.3474137783050537,-76.47916412353516
Sentinel-5P,3.3474137783050537,-76.47083282470703
Sentinel-5P,3.3474137783050537,-76.4625015258789
Sentinel-5P,3.3474137783050537,-76.45417022705078
Sentinel-5P,3.3474137783050537,-76.44583129882812
Sentinel-5P,3.3474137783050537,-76.4375
Sentinel-5P,3.3474137783050537,-76.42916870117188
Sentinel-5P,3.3474137783050537,-76.42082977294922
Sentinel-5P,3.3474137783050537,-76.4124984741211
Sentinel-5P,3.3474137783050537,-76.40416717529297
Sentinel-5P,3.3387930393218994,-76.59583282470703
Sentinel-5P,3.3387930393218994,-76.5875015258789
Sentinel-5P,3.3387930393218994,-76.57917022705078
Sentinel-5P,3.3387930393218994,-76.57083129882812
Sentinel-5P,3.3387930393218994,-76.5625
Sentinel-5P,3.3387930393218994,-76.55416870117188
Sentinel-5P,3.3387930393218994,-76.54582977294922
Sentinel-5P,3.3387930393218994,-76.5374984741211
Sentinel-5P,3.3387930393218994,-76.52916717529297
Sentinel-5P,3.3387930393218994,-76.52083587646484
Sentinel-5P,3.3387930393218994,-76.51249694824219
Sentinel-5P,3.3387930393218994,-76.50416564941406
Sentinel-5P,3.3387930393218994,-76.49583435058594
Sentinel-5P,3.3387930393218994,-76.48750305175781
Sentinel-5P,3.3387930393218994,-76.47916412353516
Sentinel-5P,3.3387930393218994,-76.47083282470703
Sentinel-5P,3.3387930393218994,-76.4625015258789
Sentinel-5P,3.3387930393218994,-76.45417022705078
Sentinel-5P,3.3387930393218994,-76.44583129882812
Sentinel-5P,3.3387930393218994,-76.4375
Sentinel-5P,3.3387930393218994,-76.42916870117188
Sentinel-5P,3.3387930393218994,-76.42082977294922
Sentinel-5P,3.3387930393218994,-76.4124984741211
Sentinel-5P,3.3387930393218994,-76.40416717529297
Sentinel-5P,3.330172300338745,-76.59583282470703
Sentinel-5P,3.330172300338745,-76.5875015258789
Sentinel-5P,3.330172300338745,-76.57917022705078
Sentinel-5P,3.330172300338745,-76.57083129882812
Sentinel-5P,3.330172300338745,-76.5625
Sentinel-5P,3.330172300338745,-76.55416870117188
Sentinel-5P,3.330172300338745,-76.54582977294922
Sentinel-5P,3.330172300338745,-76.5374984741211
Sentinel-5P,3.330172300338745,-76.52916717529297
Sentinel-5P,3.330172300338745,-76.52083587646484
Sentinel-5P,3.330172300338745,-76.51249694824219
Sentinel-5P,3.330172300338745,-76.50416564941406
Sentinel-5P,3.330172300338745,-76.49583435058594
Sentinel-5P,3.330172300338745,-76.48750305175781
Sentinel-5P,3.330172300338745,-76.47916412353516
Sentinel-5P,3.330172300338745,-76.47083282470703
Sentinel-5P,3.330172300338745,-76.4625015258789
Sentinel-5P,3.330172300338745,-76.45417022705078
Sentinel-5P,3.330172300338745,-76.44583129882812
Sentinel-5P,3.330172300338745,-76.4375
Sentinel-5P,3.330172300338745,-76.42916870117188
Sentinel-5P,3.330172300338745,-76.42082977294922
Sentinel-5P,3.330172300338745,-76.4124984741211
Sentinel-5P,3.330172300338745,-76.40416717529297
Sentinel-5P,3.32155179977417,-76.59583282470703
Sentinel-5P,3.32155179977417,-76.5875015258789
Sentinel-5P,3.32155179977417,-76.57917022705078
Sentinel-5P,3.32155179977417,-76.57083129882812
Sentinel-5P,3.32155179977417,-76.5625
Sentinel-5P,3.32155179977417,-76.55416870117188
Sentinel-5P,3.32155179977417,-76.54582977294922
Sentinel-5P,3.32155179977417,-76.5374984741211
Sentinel-5P,3.32155179977417,-76.52916717529297
Sentinel-5P,3.32155179977417,-76.52083587646484
Sentinel-5P,3.32155179977417,-76.51249694824219
Sentinel-5P,3.32155179977417,-76.50416564941406
Sentinel-5P,3.32155179977417,-76.49583435058594
Sentinel-5P,3.32155179977417,-76.48750305175781
Sentinel-5P,3.32155179977417,-76.47916412353516
Sentinel-5P,3.32155179977417,-76.47083282470703
Sentinel-5P,3.32155179977417,-76.4625015258789
Sentinel-5P,3.32155179977417,-76.45417022705078
Sentinel-5P,3.32155179977417,-76.44583129882812
Sentinel-5P,3.32155179977417,-76.4375
Sentinel-5P,3.32155179977417,-76.42916870117188
Sentinel-5P,3.32155179977417,-76.42082977294922
Sentinel-5P,3.32155179977417,-76.4124984741211
Sentinel-5P,3.32155179977417,-76.40416717529297
Sentinel-5P,3.3129310607910156,-76.59583282470703
Sentinel-5P,3.3129310607910156,-76.5875015258789
Sentinel-5P,3.3129310607910156,-76.57917022705078
Sentinel-5P,3.3129310607910156,-76.57083129882812
Sentinel-5P,3.3129310607910156,-76.5625
Sentinel-5P,3.3129310607910156,-76.55416870117188
Sentinel-5P,3.3129310607910156,-76.54582977294922
Sentinel-5P,3.3129310607910156,-76.5374984741211
Sentinel-5P,3.3129310607910156,-76.52916717529297
Sentinel-5P,3.3129310607910156,-76.52083587646484
Sentinel-5P,3.3129310607910156,-76.51249694824219
Sentinel-5P,3.3129310607910156,-76.50416564941406
Sentinel-5P,3.3129310607910156,-76.49583435058594
Sentinel-5P,3.3129310607910156,-76.48750305175781
Sentinel-5P,3.3129310607910156,-76.47916412353516
Sentinel-5P,3.3129310607910156,-76.47083282470703
Sentinel-5P,3.3129310607910156,-76.4625015258789
Sentinel-5P,3.3129310607910156,-76.45417022705078
Sentinel-5P,3.3129310607910156,-76.44583129882812
Sentinel-5P,3.3129310607910156,-76.4375
Sentinel-5P,3.3129310607910156,-76.42916870117188
Sentinel-5P,3.3129310607910156,-76.42082977294922
Sentinel-5P,3.3129310607910156,-76.4124984741211
Sentinel-5P,3.3129310607910156,-76.40416717529297
Sentinel-5P,3.3043103218078613,-76.59583282470703
Sentinel-5P,3.3043103218078613,-76.5875015258789
Sentinel-5P,3.3043103218078613,-76.57917022705078
Sentinel-5P,3.3043103218078613,-76.57083129882812
Sentinel-5P,3.3043103218078613,-76.5625
Sentinel-5P,3.3043103218078613,-76.55416870117188
Sentinel-5P,3.3043103218078613,-76.54582977294922
Sentinel-5P,3.3043103218078613,-76.5374984741211
Sentinel-5P,3.3043103218078613,-76.52916717529297
Sentinel-5P,3.3043103218078613,-76.52083587646484
Sentinel-5P,3.3043103218078613,-76.51249694824219
Sentinel-5P,3.3043103218078613,-76.50416564941406
Sentinel-5P,3.3043103218078613,-76.49583435058594
Sentinel-5P,3.3043103218078613,-76.48750305175781
Sentinel-5P,3.3043103218078613,-76.47916412353516
Sentinel-5P,3.3043103218078613,-76.47083282470703
Sentinel-5P,3.3043103218078613,-76.4625015258789
Sentinel-5P,3.3043103218078613,-76.45417022705078
Sentinel-5P,3.3043103218078613,-76.44583129882812
Sentinel-5P,3.3043103218078613,-76.4375
Sentinel-5P,3.3043103218078613,-76.42916870117188
Sentinel-5P,3.3043103218078613,-76.42082977294922
Sentinel-5P,3.3043103218078613,-76.4124984741211
Sentinel-5P,3.3043103218078613,-76.40416717529297
