epoch,train_loss_total,train_loss_infonce,train_loss_sae_recon_total,train_loss_sae_recon_img,train_loss_sae_recon_txt,train_loss_sparsity_l1_total,train_loss_sparsity_l1_img,train_loss_sparsity_l1_txt,train_recall_at_1_image_to_text,train_macro_recall,train_sae_visual_sparsity_ratio,train_sae_visual_recon_mse,train_active_units_mean,val_loss_total,val_loss_infonce,val_loss_sae_recon_total,val_loss_sae_recon_img,val_loss_sae_recon_txt,val_loss_sparsity_l1_total,val_loss_sparsity_l1_img,val_loss_sparsity_l1_txt,val_recall_at_1_image_to_text,val_macro_recall,val_sae_visual_sparsity_ratio,val_sae_visual_recon_mse,val_active_units_mean,test_loss_total,test_loss_infonce,test_loss_sae_recon_total,test_loss_sae_recon_img,test_loss_sae_recon_txt,test_loss_sparsity_l1_total,test_loss_sparsity_l1_img,test_loss_sparsity_l1_txt,test_recall_at_1_image_to_text,test_macro_recall,test_sae_visual_sparsity_ratio,test_sae_visual_recon_mse,test_active_units_mean,train_batch_mean_loss_total,train_batch_mean_loss_infonce,train_batch_mean_loss_sae_recon_total,train_batch_mean_loss_sae_recon_img,train_batch_mean_loss_sae_recon_txt,train_batch_mean_loss_sparsity_l1_total,train_batch_mean_loss_sparsity_l1_img,train_batch_mean_loss_sparsity_l1_txt
1,1.0635654926300049,1.0568066835403442,0.0658460184931755,0.007988306693732738,0.057857710868120193,0.04354804754257202,0.012951674871146679,0.030596373602747917,0.5580000281333923,0.536734684585651,0.8808594346046448,0.007988306693732738,122.00000762939453,1.6181246042251587,1.6114140748977661,0.06537172943353653,0.007514019962400198,0.057857710868120193,0.04331924766302109,0.01272287406027317,0.030596373602747917,0.37358492612838745,0.43876767676767675,0.880859375,0.007514019962400198,122.0,1.269972801208496,1.2632261514663696,0.06572648137807846,0.007868771441280842,0.057857710868120193,0.04350074753165245,0.012904373928904533,0.030596373602747917,0.46808508038520813,0.4813807641633729,0.880859375,0.007868771441280842,121.99999237060547,1.3301074355840683,1.323751725256443,0.06189954839646816,0.009185525530483574,0.05271402280777693,0.041447184048593044,0.0131506038014777,0.028296580305323005
2,0.9673405885696411,0.959608256816864,0.07541795074939728,0.009709622710943222,0.06570833176374435,0.04763546586036682,0.014193211682140827,0.03344225510954857,0.6040000319480896,0.5853512905499002,0.8808594346046448,0.009709622710943222,122.00000762939453,1.686448574066162,1.6787703037261963,0.07488752156496048,0.009179188869893551,0.06570833176374435,0.04739724472165108,0.013954988680779934,0.03344225510954857,0.31698113679885864,0.3678316498316498,0.880859375,0.009179188869893551,122.0,1.1920678615570068,1.1843645572662354,0.07513461261987686,0.009426281787455082,0.06570833176374435,0.04748687148094177,0.014044615440070629,0.03344225510954857,0.591489315032959,0.5995054896794028,0.880859375,0.009426281787455082,121.99999237060547,1.0499929785728455,1.0423122718930244,0.07491475949063897,0.01261356403119862,0.06230119545944035,0.047310978872701526,0.015173844178207219,0.03213713376317173
3,0.7668336033821106,0.7591952085494995,0.07445237785577774,0.010084591805934906,0.06436778604984283,0.048288896679878235,0.014535808935761452,0.033753085881471634,0.675000011920929,0.6585743373068252,0.8808594346046448,0.010084591805934906,122.00000762939453,1.7381638288497925,1.730583667755127,0.07387982308864594,0.009512034244835377,0.06436778604984283,0.048027489334344864,0.01427440345287323,0.033753085881471634,0.3698113262653351,0.42569472502805833,0.880859375,0.009512034244835377,122.0,1.164278507232666,1.1566755771636963,0.07410473376512527,0.00973694771528244,0.06436778604984283,0.04809515178203583,0.014342067763209343,0.033753085881471634,0.5617021322250366,0.5682837066315327,0.880859375,0.00973694771528244,121.99999237060547,0.9343944154679775,0.9260600171983242,0.08132595755159855,0.0136951575987041,0.06763079948723316,0.05044873640872538,0.01590700913220644,0.034541727509349585
4,0.6265637874603271,0.6194531917572021,0.06922291964292526,0.0101192407310009,0.05910367891192436,0.047079410403966904,0.014595165848731995,0.03248424455523491,0.7470000386238098,0.74096722229722,0.8808594346046448,0.0101192407310009,122.00000762939453,1.7355962991714478,1.7285553216934204,0.06853953003883362,0.00943585205823183,0.05910367891192436,0.04674932733178139,0.014265083707869053,0.03248424455523491,0.4377358555793762,0.4817934904601572,0.880859375,0.00943585205823183,122.0,1.2330574989318848,1.2259984016418457,0.06871920078992844,0.009615520015358925,0.05910367891192436,0.046776920557022095,0.014292674139142036,0.03248424455523491,0.5319148898124695,0.5439016249451032,0.880859375,0.009615520015358925,121.99999237060547,0.8255454637110233,0.8179787173867226,0.07372822146862745,0.014016919827554375,0.05971130193211138,0.048480316530913115,0.016196407726965845,0.03228390868753195
5,0.49542102217674255,0.48867833614349365,0.06559186428785324,0.010063411667943,0.05552845075726509,0.04587605595588684,0.01451822929084301,0.03135782480239868,0.8250000476837158,0.8267128351749082,0.8808594346046448,0.010063411667943,122.00000762939453,1.8830941915512085,1.876425862312317,0.06486119329929352,0.009332745335996151,0.05552845075726509,0.04552779346704483,0.014169966802001,0.03135782480239868,0.44528302550315857,0.4508686868686868,0.880859375,0.009332745335996151,122.0,1.1494598388671875,1.142777681350708,0.06500110775232315,0.009472657926380634,0.05552845075726509,0.045515187084674835,0.014157364144921303,0.03135782480239868,0.5829787254333496,0.5854984628897673,0.880859375,0.009472657926380634,121.99999237060547,0.7124310843646526,0.7051273994147778,0.07111953850835562,0.013951036613434553,0.057168501894921064,0.04793304577469826,0.016110922559164464,0.03182212356477976
6,0.4363040030002594,0.4299924969673157,0.061332475394010544,0.010504696518182755,0.05082777887582779,0.04456514120101929,0.01470603421330452,0.029859108850359917,0.8250000476837158,0.8304352160710728,0.8808594346046448,0.010504696518182755,122.00000762939453,2.031493663787842,2.0252761840820312,0.060410454869270325,0.009582675993442535,0.05082777887582779,0.04412151128053665,0.014262404292821884,0.029859108850359917,0.43018868565559387,0.43242424242424243,0.880859375,0.009582675993442535,122.0,1.2360175848007202,1.2297728061676025,0.06068160757422447,0.009853829629719257,0.05082777887582779,0.04416504502296448,0.014305934309959412,0.029859108850359917,0.5446808338165283,0.5466227492314448,0.880859375,0.009853829629719257,121.99999237060547,0.6200225036591291,0.6131146568804979,0.067208890337497,0.014201041660271585,0.053007849026471376,0.04673781106248498,0.01616314862621948,0.030574662145227194
7,0.33160436153411865,0.32568734884262085,0.05743894726037979,0.010425643995404243,0.0470133014023304,0.04327685385942459,0.014593174681067467,0.028683681041002274,0.8720000386238098,0.8691332663466191,0.8808594346046448,0.010425643995404243,122.00000762939453,2.3315372467041016,2.325725793838501,0.05640174075961113,0.009388438425958157,0.0470133014023304,0.04277009516954422,0.014086415991187096,0.028683681041002274,0.43018868565559387,0.46545230078563415,0.880859375,0.009388438425958157,122.0,1.3216928243637085,1.3158481121063232,0.0567331463098526,0.009719845838844776,0.0470133014023304,0.04284251108765602,0.014158830977976322,0.028683681041002274,0.5787233710289001,0.5891321914800176,0.880859375,0.009719845838844776,121.99999237060547,0.5210485775023699,0.5145552325993776,0.06312009482644498,0.014212028763722628,0.04890806647017598,0.04533308930695057,0.016117971972562373,0.02921511756721884
8,0.2757260501384735,0.27006369829177856,0.054927095770835876,0.010942446067929268,0.04398464784026146,0.042406342923641205,0.01481395773589611,0.027592385187745094,0.9010000228881836,0.8993532485898234,0.8808594346046448,0.010942446067929268,122.00000762939453,2.6237194538116455,2.6181800365448,0.05372181907296181,0.009737171232700348,0.04398464784026146,0.04181139916181564,0.014219015836715698,0.027592385187745094,0.3962264060974121,0.43386531986531984,0.880859375,0.009737171232700348,122.0,1.5093729496002197,1.5037845373153687,0.05420549958944321,0.010220852680504322,0.04398464784026146,0.04197559505701065,0.014383211731910706,0.027592385187745094,0.5659574270248413,0.5721220904699166,0.880859375,0.010220852680504322,121.99999237060547,0.4328619111329317,0.42667271196842194,0.06011511804535985,0.01461761788232252,0.04549750033766031,0.044420924270525575,0.016327757854014635,0.028093166300095618
9,0.2341352254152298,0.22854310274124146,0.05424104630947113,0.011397259309887886,0.042843785136938095,0.042002275586128235,0.014857479371130466,0.027144795283675194,0.9160000681877136,0.9123246782245331,0.8808594346046448,0.011397259309887886,122.00000762939453,2.76120662689209,2.755751848220825,0.052892040461301804,0.010048254393041134,0.042843785136938095,0.041340652853250504,0.01419585756957531,0.027144795283675194,0.4000000059604645,0.42414365881032545,0.880859375,0.010048254393041134,122.0,1.6036454439163208,1.5981330871582031,0.053462181240320206,0.010618397034704685,0.042843785136938095,0.041550055146217346,0.014405259862542152,0.027144795283675194,0.5191489458084106,0.5255520421607378,0.880859375,0.010618397034704685,121.99999237060547,0.4458026420325041,0.4398184260353446,0.05809771502390504,0.01517506584059447,0.042922649066895247,0.043611370492726564,0.016372203244827688,0.027239166665822268
10,0.18253573775291443,0.17676706612110138,0.05597398057579994,0.011367276310920715,0.04460670426487923,0.0428202748298645,0.01488939393311739,0.027930879965424538,0.9430000185966492,0.9415824654300706,0.8808594346046448,0.011367276310920715,122.00000762939453,2.864062547683716,2.858433723449707,0.054602790623903275,0.009996085427701473,0.04460670426487923,0.042133256793022156,0.014202377758920193,0.027930879965424538,0.4000000059604645,0.43343434343434345,0.880859375,0.009996085427701473,122.0,1.784158706665039,1.7784817218780518,0.055078450590372086,0.010471745394170284,0.04460670426487923,0.04228653758764267,0.014355656690895557,0.027930879965424538,0.5234042406082153,0.5303443126921388,0.880859375,0.010471745394170284,121.99999237060547,0.3508589859120548,0.34474984649568796,0.05932800332084298,0.015290312294382602,0.044037691317498684,0.044085752684623,0.016356026753783226,0.027729725698009133
11,0.18829095363616943,0.18279649317264557,0.053263042122125626,0.011345170438289642,0.04191787168383598,0.04204079508781433,0.01482381857931614,0.027216976508498192,0.9310000538825989,0.9261470032526484,0.8808594346046448,0.011345170438289642,122.00000762939453,3.1388158798217773,3.1334705352783203,0.05180174484848976,0.009883872233331203,0.04191787168383598,0.04128513112664223,0.01406815368682146,0.027216976508498192,0.3698113262653351,0.4078653198653199,0.880859375,0.009883872233331203,122.0,1.717239260673523,1.711849331855774,0.05224243924021721,0.010324567556381226,0.04191787168383598,0.04143461957573891,0.01421764213591814,0.027216976508498192,0.5659574270248413,0.5746543697848046,0.880859375,0.010324567556381226,121.99999237060547,0.32447262946516275,0.31847903318703175,0.05818695272319019,0.015288624388631433,0.042898328276351094,0.04372520255856216,0.016413299599662423,0.027311902726069093
12,0.13137297332286835,0.1259841024875641,0.05220349133014679,0.011572456918656826,0.04063103348016739,0.04212994873523712,0.015046454034745693,0.027083495631814003,0.9510000348091125,0.9497839731627831,0.8808594346046448,0.011572456918656826,122.00000762939453,2.9792637825012207,2.9740278720855713,0.050704680383205414,0.010073646903038025,0.04063103348016739,0.041338883340358734,0.014255387708544731,0.027083495631814003,0.4415094256401062,0.4665207631874299,0.880859375,0.010073646903038025,122.0,1.714284062385559,1.70900297164917,0.05114985629916191,0.010518821887671947,0.04063103348016739,0.04152003675699234,0.014436541125178337,0.027083495631814003,0.5872340202331543,0.5949503732981994,0.880859375,0.010518821887671947,121.99999237060547,0.300230722874403,0.2943797465413809,0.05676484783180058,0.015254690195433795,0.04151015798561275,0.0436218180693686,0.01637540035881102,0.02724641840904951
13,0.14625698328018188,0.1409161239862442,0.051737893372774124,0.011584150604903698,0.04015374183654785,0.041766099631786346,0.015001604333519936,0.02676449529826641,0.9380000233650208,0.9382425476390033,0.8808594346046448,0.011584150604903698,122.00000762939453,2.9714269638061523,2.966250419616699,0.050130635499954224,0.009976894594728947,0.04015374183654785,0.040910109877586365,0.014145616441965103,0.02676449529826641,0.4377358555793762,0.45318069584736254,0.880859375,0.009976894594728947,122.0,1.9542310237884521,1.9489965438842773,0.05069894343614578,0.010545202530920506,0.04015374183654785,0.041168175637722015,0.014403680339455605,0.02676449529826641,0.5617021322250366,0.5655906895037329,0.880859375,0.010545202530920506,121.99999237060547,0.22402612306177616,0.21824509371072054,0.05607055686414242,0.015479149005841464,0.04059140803292394,0.04349368950352073,0.016497542150318623,0.02699614770244807
14,0.11596382409334183,0.11063998192548752,0.05157305672764778,0.01255293469876051,0.0390201210975647,0.04163456708192825,0.015482641756534576,0.026151925325393677,0.9590000510215759,0.9567693477301606,0.8808594346046448,0.01255293469876051,122.00000762939453,3.61427903175354,3.609138250350952,0.04977857321500778,0.010758452117443085,0.0390201210975647,0.0407043993473053,0.014552473090589046,0.026151925325393677,0.3698113262653351,0.4022087542087542,0.880859375,0.010758452117443085,122.0,2.0383996963500977,2.0331759452819824,0.05059187114238739,0.011571750976145267,0.0390201210975647,0.04109762981534004,0.01494570542126894,0.026151925325393677,0.548936128616333,0.5519604743083004,0.880859375,0.011571750976145267,121.99999237060547,0.22198454523459077,0.21623838040977716,0.055734998313710093,0.016071007179562002,0.039663990726694465,0.04316633474081755,0.016690030170138925,0.026476304628886282
15,0.09422721713781357,0.08904176205396652,0.05019763857126236,0.01256534457206726,0.0376322939991951,0.04142356663942337,0.015467007644474506,0.02595655992627144,0.9690000414848328,0.9678768029261497,0.8808594346046448,0.01256534457206726,122.00000762939453,3.0813870429992676,3.0764007568359375,0.04824751242995262,0.010615218430757523,0.0376322939991951,0.04041341319680214,0.0144568532705307,0.02595655992627144,0.4528301954269409,0.47052749719416387,0.880859375,0.010615218430757523,122.0,1.8044281005859375,1.7993630170822144,0.049019694328308105,0.011387401260435581,0.0376322939991951,0.04076845198869705,0.014811891131103039,0.02595655992627144,0.6042553186416626,0.6102072902942468,0.880859375,0.011387401260435581,121.99999237060547,0.24565006932243705,0.2399734049104154,0.05504463333636522,0.01663304102839902,0.03841159213334322,0.04305039206519723,0.016998082166537642,0.026052309782244265
16,0.10816343873739243,0.10297707468271255,0.0502018965780735,0.012914498336613178,0.0372873991727829,0.04154413193464279,0.01556050218641758,0.02598363161087036,0.9620000720024109,0.9611963367521386,0.8808594346046448,0.012914498336613178,122.00000762939453,3.247286319732666,3.2423157691955566,0.04808591306209564,0.010798513889312744,0.0372873991727829,0.04044979065656662,0.014466158114373684,0.02598363161087036,0.4113207459449768,0.4382850729517395,0.880859375,0.010798513889312744,122.0,1.739939570426941,1.7348883152008057,0.04888008534908295,0.011592686176300049,0.0372873991727829,0.04080745577812195,0.014823826029896736,0.02598363161087036,0.5872340202331543,0.5908317962231007,0.880859375,0.011592686176300049,121.99999237060547,0.21969113731756806,0.2141044195741415,0.05415559001266956,0.016923293529544026,0.03723229677416384,0.04278997238725424,0.01702589658088982,0.025764075689949095
17,0.08101818710565567,0.07546146214008331,0.05384395644068718,0.01379686500877142,0.040047090500593185,0.04308326169848442,0.01599159464240074,0.02709166705608368,0.9720000624656677,0.9713682674364822,0.8808594346046448,0.01379686500877142,122.00000762939453,3.0517234802246094,3.0463922023773193,0.05163445696234703,0.01158736739307642,0.040047090500593185,0.04198773205280304,0.014896064065396786,0.02709166705608368,0.4415094256401062,0.4552547699214366,0.880859375,0.01158736739307642,122.0,1.6893852949142456,1.6839690208435059,0.0524693988263607,0.012422309257090092,0.040047090500593185,0.04230479896068573,0.015213132835924625,0.02709166705608368,0.6212765574455261,0.6227351778656127,0.880859375,0.012422309257090092,121.99999237060547,0.2156206457875669,0.20983881363645196,0.05606545996852219,0.0173841257346794,0.03868133435025811,0.04382179584354162,0.01717876293696463,0.02664303279016167
18,0.06957506388425827,0.06434129923582077,0.05065655708312988,0.014230305328965187,0.036426249891519547,0.04202766716480255,0.016179926693439484,0.02584773860871792,0.9800000190734863,0.9800293625097689,0.8808594346046448,0.014230305328965187,122.00000762939453,3.451519250869751,3.446530342102051,0.048255130648612976,0.011828881688416004,0.036426249891519547,0.04081708565354347,0.014969347976148129,0.02584773860871792,0.3962264060974121,0.41585409652076316,0.880859375,0.011828881688416004,122.0,1.9336577653884888,1.928574562072754,0.04918285459280014,0.012756604701280594,0.036426249891519547,0.04120878130197525,0.015361042693257332,0.02584773860871792,0.5829787254333496,0.5882705314009661,0.880859375,0.012756604701280594,121.99999237060547,0.17357543064281344,0.16771307680755854,0.0568555376958102,0.01806242245947942,0.038793115178123116,0.044199766125530005,0.017476777255069464,0.02672298939432949
19,0.07591700553894043,0.07070183753967285,0.05046757310628891,0.014028549194335938,0.03643902391195297,0.04210253804922104,0.01611320860683918,0.02598932757973671,0.9720000624656677,0.9716829554475265,0.8808594346046448,0.014028549194335938,122.00000762939453,3.5125255584716797,3.507551908493042,0.048101719468832016,0.011662695556879044,0.03643902391195297,0.04091232270002365,0.014922995120286942,0.02598932757973671,0.4113207459449768,0.42024017957351284,0.880859375,0.011662695556879044,122.0,2.03296160697937,2.027907371520996,0.048892177641391754,0.012453154660761356,0.03643902391195297,0.04122663289308548,0.01523730717599392,0.02598932757973671,0.5659574270248413,0.5684997804128239,0.880859375,0.012453154660761356,121.99999237060547,0.20782841928303242,0.2022095308639109,0.05445261625573039,0.01851213548798114,0.03594048065133393,0.04340624017640948,0.017649924848228693,0.025756314513273537
20,0.07429411262273788,0.06911119818687439,0.050135694444179535,0.014956039376556873,0.035179655998945236,0.042336784303188324,0.016427621245384216,0.025909164920449257,0.9740000367164612,0.9729583704814015,0.8808594346046448,0.014956039376556873,122.00000762939453,3.7817060947418213,3.776792526245117,0.04749250411987305,0.01231284812092781,0.035179655998945236,0.041041214019060135,0.015132048167288303,0.025909164920449257,0.4150943458080292,0.4418855218855219,0.880859375,0.01231284812092781,122.0,1.9994416236877441,1.9944318532943726,0.04844113811850548,0.013261481188237667,0.035179655998945236,0.0414302721619606,0.015521105378866196,0.025909164920449257,0.612765908241272,0.6165155906895038,0.880859375,0.013261481188237667,121.99999237060547,0.1547736842185259,0.14912640443071723,0.054724920308217406,0.01871593459509313,0.03600898548029363,0.04369755135849118,0.01772440562490374,0.025973145267926157
21,0.06663544476032257,0.06168555095791817,0.04784458130598068,0.015231692232191563,0.032612890005111694,0.041357703506946564,0.01653800532221794,0.02481970004737377,0.9780000448226929,0.977311455636259,0.8808594346046448,0.015231692232191563,122.00000762939453,3.986518144607544,3.9818456172943115,0.045124854892492294,0.012511965818703175,0.032612890005111694,0.040018949657678604,0.015199249610304832,0.02481970004737377,0.3547169864177704,0.37973288439955105,0.880859375,0.012511965818703175,122.0,2.245044708251953,2.2402641773223877,0.046186745166778564,0.013573853299021721,0.032612890005111694,0.04049397259950638,0.015674272552132607,0.02481970004737377,0.5574467778205872,0.558564778216952,0.880859375,0.013573853299021721,121.99999237060547,0.17818734445609152,0.1726844316581264,0.05329803726635873,0.019259202759712934,0.034038834273815155,0.0432767984457314,0.01791994518134743,0.025356853613629937
22,0.053486417979002,0.04853824898600578,0.047827452421188354,0.015086288563907146,0.03274116292595863,0.04135636240243912,0.01657872460782528,0.024777639657258987,0.9830000400543213,0.9827621645789852,0.8808594346046448,0.015086288563907146,122.00000762939453,3.9332547187805176,3.928558111190796,0.04536121338605881,0.012620050460100174,0.03274116292595863,0.040126632899045944,0.015348992310464382,0.024777639657258987,0.350943386554718,0.3820628507295174,0.880859375,0.012620050460100174,122.0,2.28023362159729,2.2754507064819336,0.04620971530675888,0.013468554243445396,0.03274116292595863,0.04047892987728119,0.0157012902200222,0.024777639657258987,0.5531914830207825,0.554820377689943,0.880859375,0.013468554243445396,121.99999237060547,0.14841512124985456,0.14303324557840824,0.05210886732675135,0.019211698439903557,0.032897169003263116,0.042747189523652196,0.017921384889632463,0.02482580440118909
23,0.06085190549492836,0.05593445152044296,0.0475197359919548,0.01488980371505022,0.03262993320822716,0.04137019068002701,0.01651352271437645,0.024856669828295708,0.9760000705718994,0.9749877329911705,0.8808594346046448,0.01488980371505022,122.00000762939453,3.3920810222625732,3.387417793273926,0.04502854496240616,0.012398610822856426,0.03262993320822716,0.04012701287865639,0.01527034305036068,0.024856669828295708,0.4415094256401062,0.44452974186307526,0.880859375,0.012398610822856426,122.0,1.9870476722717285,1.9823126792907715,0.04573444277048111,0.013104511424899101,0.03262993320822716,0.04037628695368767,0.015519618056714535,0.024856669828295708,0.5617021322250366,0.5625691699604743,0.880859375,0.013104511424899101,121.99999237060547,0.1315712621435523,0.1262006440665573,0.05199165269732475,0.0191012472496368,0.03289040527306497,0.0428634702693671,0.017952170921489596,0.024911299464292824
24,0.050040099769830704,0.045143820345401764,0.04730898141860962,0.01572893001139164,0.03158004954457283,0.04134523123502731,0.017000259831547737,0.024344971403479576,0.9810000658035278,0.9800692196047784,0.8808594346046448,0.01572893001139164,122.00000762939453,4.053192138671875,4.048552989959717,0.044789791107177734,0.013209741562604904,0.03158004954457283,0.04011135920882225,0.015766387805342674,0.024344971403479576,0.3849056661128998,0.41505050505050506,0.880859375,0.013209741562604904,122.0,2.398617744445801,2.3939085006713867,0.04547831043601036,0.01389826089143753,0.03158004954457283,0.04034954309463501,0.016004573553800583,0.024344971403479576,0.5531914830207825,0.5588853754940711,0.880859375,0.01389826089143753,121.99999237060547,0.14567109546624124,0.1403371705673635,0.051631267881020904,0.019320383667945862,0.03231088421307504,0.04269969975575805,0.018049570149742067,0.02465012948960066
25,0.060755655169487,0.05577504634857178,0.04813142865896225,0.0162504855543375,0.0318809449672699,0.041866615414619446,0.017305979505181313,0.024560634046792984,0.9770000576972961,0.9760555989728704,0.8808594346046448,0.0162504855543375,122.00000762939453,3.6083133220672607,3.603606939315796,0.045442864298820496,0.013561920262873173,0.0318809449672699,0.04050920158624649,0.015948567539453506,0.024560634046792984,0.4377358555793762,0.4505072951739619,0.880859375,0.013561920262873173,122.0,2.1045048236846924,2.0997133255004883,0.04627934470772743,0.01439840067178011,0.0318809449672699,0.040862515568733215,0.016301879659295082,0.024560634046792984,0.5787233710289001,0.5802011418533157,0.880859375,0.01439840067178011,121.99999237060547,0.12763364263810217,0.12223155936226249,0.052295830799266696,0.02063690882641822,0.03165892232209444,0.04312537470832467,0.018672324484214187,0.02445305068977177
26,0.05094418674707413,0.04633445292711258,0.04446600005030632,0.015491585247218609,0.028974413871765137,0.04078400135040283,0.01706974022090435,0.023714261129498482,0.9830000400543213,0.9821258233783633,0.8808594346046448,0.015491585247218609,122.00000762939453,3.6005101203918457,3.5961713790893555,0.041812315583229065,0.012837902642786503,0.028974413871765137,0.03937118873000145,0.015656927600502968,0.023714261129498482,0.4226415157318115,0.43831200897867567,0.880859375,0.012837902642786503,122.0,2.23116397857666,2.226743459701538,0.04261535406112671,0.013640941120684147,0.028974413871765137,0.03975563868880272,0.016041377559304237,0.023714261129498482,0.591489315032959,0.596169521299956,0.880859375,0.013640941120684147,121.99999237060547,0.11716599471401423,0.11189187108539045,0.051025454653427005,0.02042153663933277,0.030603918130509555,0.042895026272162795,0.01863413874525577,0.024260887526907027
27,0.04156426712870598,0.037060219794511795,0.04341757297515869,0.015462219715118408,0.027955353260040283,0.04057234153151512,0.017061984166502953,0.02351035736501217,0.9850000739097595,0.9847327230099363,0.8808594346046448,0.015462219715118408,122.00000762939453,3.731194019317627,3.726968288421631,0.0406915545463562,0.012736200354993343,0.027955353260040283,0.03913052752614021,0.015620171092450619,0.02351035736501217,0.41886794567108154,0.4228439955106622,0.880859375,0.012736200354993343,122.0,2.207176446914673,2.20285701751709,0.041610509157180786,0.013655155897140503,0.027955353260040283,0.03955875337123871,0.01604839600622654,0.02351035736501217,0.5999999642372131,0.5994150197628458,0.880859375,0.013655155897140503,121.99999237060547,0.11450535897165537,0.10953908297233284,0.047982995165511966,0.01982372673228383,0.028159268316812813,0.04199397121556103,0.018506298307329416,0.023487673606723547
28,0.06432782113552094,0.059931155294179916,0.04235678166151047,0.016257349401712418,0.02609943225979805,0.04024660587310791,0.017481176182627678,0.022765427827835083,0.9810000658035278,0.9794397146153315,0.8808594346046448,0.016257349401712418,122.00000762939453,4.409494876861572,4.405381679534912,0.03957632556557655,0.013476893305778503,0.02609943225979805,0.038820646703243256,0.016055220738053322,0.022765427827835083,0.37358492612838745,0.40467789001122334,0.880859375,0.013476893305778503,122.0,2.2576067447662354,2.2533960342407227,0.04053507745265961,0.014435644261538982,0.02609943225979805,0.03925878554582596,0.016493355855345726,0.022765427827835083,0.5659574270248413,0.5689547650417216,0.880859375,0.014435644261538982,121.99999237060547,0.11580942152068019,0.11091916979057714,0.04723142716102302,0.020117397187277675,0.027114030555821955,0.04177797050215304,0.018615671899169683,0.023162299185059965
29,0.05759730935096741,0.05329039692878723,0.041482698172330856,0.01636596769094467,0.025116730481386185,0.039660245180130005,0.017525099217891693,0.02213514782488346,0.9800000190734863,0.9788181296970541,0.8808594346046448,0.01636596769094467,122.00000762939453,4.190685272216797,4.186686992645264,0.03846382349729538,0.013347094878554344,0.025116730481386185,0.038072869181632996,0.015937719494104385,0.02213514782488346,0.4000000059604645,0.4148080808080808,0.880859375,0.013347094878554344,122.0,2.200593948364258,2.196493148803711,0.039464689791202545,0.014347958378493786,0.025116730481386185,0.038584429770708084,0.016449281945824623,0.02213514782488346,0.6297872066497803,0.6320772946859903,0.880859375,0.014347958378493786,121.99999237060547,0.09717025991994888,0.09235644846921787,0.046477613504976034,0.02081414218991995,0.025663471431471407,0.04151259269565344,0.018946131807751954,0.022566461353562772
30,0.04035407304763794,0.03598020598292351,0.04215329885482788,0.016675231978297234,0.025478065013885498,0.03963471204042435,0.017644986510276794,0.021989723667502403,0.9850000739097595,0.984427098784138,0.8808594346046448,0.016675231978297234,122.00000762939453,4.396073818206787,4.392019748687744,0.039023008197546005,0.013544944114983082,0.025478065013885498,0.03795648366212845,0.015966758131980896,0.021989723667502403,0.3811320662498474,0.40631200897867564,0.880859375,0.013544944114983082,122.0,2.4827840328216553,2.4786031246185303,0.04026510566473007,0.014787042513489723,0.025478065013885498,0.03861650079488754,0.01662677899003029,0.021989723667502403,0.5574467778205872,0.5596082564778218,0.880859375,0.014787042513489723,121.99999237060547,0.10260194982402027,0.09775437822099775,0.04682845645584166,0.021234166342765093,0.025594289996661246,0.04118143976666033,0.019094397430308163,0.022087041987106204
31,0.04801900312304497,0.043721772730350494,0.04138476401567459,0.016191797330975533,0.02519296482205391,0.03968854248523712,0.017614681273698807,0.022073859348893166,0.9810000658035278,0.9808459305571062,0.8808594346046448,0.016191797330975533,122.00000762939453,3.6931381225585938,3.6891298294067383,0.03855733945965767,0.013364373706281185,0.02519296482205391,0.038132138550281525,0.01605827733874321,0.022073859348893166,0.4830188751220703,0.4696139169472503,0.880859375,0.013364373706281185,122.0,2.461987018585205,2.4578821659088135,0.03950033709406853,0.014307372272014618,0.02519296482205391,0.038656167685985565,0.01658230647444725,0.022073859348893166,0.548936128616333,0.5506719367588933,0.880859375,0.014307372272014618,121.99999237060547,0.09944115515099838,0.09465427008399274,0.04622589494101703,0.02085580979473889,0.025370085379108787,0.04107404965907335,0.019012663862667978,0.02206138556357473
32,0.07263368368148804,0.06843696534633636,0.04039258509874344,0.016434188932180405,0.023958394303917885,0.0393645204603672,0.01767253316938877,0.02169198729097843,0.9790000319480896,0.9766583677570615,0.8808594346046448,0.016434188932180405,122.00000762939453,4.388364315032959,4.384450912475586,0.037624530494213104,0.01366613619029522,0.023958394303917885,0.0378413200378418,0.016149330884218216,0.02169198729097843,0.41886794567108154,0.4555151515151515,0.880859375,0.01366613619029522,122.0,2.546522617340088,2.542518138885498,0.03851242735981941,0.014554033055901527,0.023958394303917885,0.038322970271110535,0.016630982980132103,0.02169198729097843,0.5617021322250366,0.5660931049626703,0.880859375,0.014554033055901527,121.99999237060547,0.09912944602547213,0.09439883450977504,0.045664058765396476,0.021027995040640235,0.024636063375510275,0.041051581501960754,0.01914290862623602,0.021908673457801342
33,0.035420726984739304,0.031176067888736725,0.04085751250386238,0.01640629582107067,0.02445121668279171,0.039727047085762024,0.01768171414732933,0.022045331075787544,0.9860000610351562,0.9851960477838562,0.8808594346046448,0.01640629582107067,122.00000762939453,3.626652717590332,3.62270188331604,0.03798418492078781,0.01353297010064125,0.02445121668279171,0.038094960153102875,0.01604963093996048,0.022045331075787544,0.43018868565559387,0.43658136924803587,0.880859375,0.01353297010064125,122.0,2.3716537952423096,2.3676059246063232,0.03893217444419861,0.014480959624052048,0.02445121668279171,0.03868184983730316,0.016636516898870468,0.022045331075787544,0.5744680762290955,0.5787369345630214,0.880859375,0.014480959624052048,121.99999237060547,0.11573849967680871,0.11107254843227565,0.04502248833887279,0.02112647844478488,0.02389600989408791,0.04092586669139564,0.01919728796929121,0.02172857872210443
34,0.03449463099241257,0.030360527336597443,0.03977631777524948,0.01670072227716446,0.023075593635439873,0.03911816328763962,0.017741838470101357,0.02137632481753826,0.9850000739097595,0.9844927663429688,0.8808594346046448,0.01670072227716446,122.00000762939453,4.030323505401611,4.026491165161133,0.036828018724918365,0.013752426952123642,0.023075593635439873,0.03748549520969391,0.016109172254800797,0.02137632481753826,0.4000000059604645,0.42335578002244667,0.880859375,0.013752426952123642,122.0,2.4691689014434814,2.465235710144043,0.037810564041137695,0.014734972268342972,0.023075593635439873,0.038056984543800354,0.016680659726262093,0.02137632481753826,0.5446808338165283,0.5468159859464207,0.880859375,0.014734972268342972,121.99999237060547,0.08156404399778694,0.07688489696010947,0.04515187325887382,0.02124414488207549,0.023907728493213654,0.04098976915702224,0.019215159700252116,0.021774609456770122
35,0.03836458921432495,0.034310150891542435,0.0389869287610054,0.016683731228113174,0.022303197532892227,0.038936808705329895,0.018072601407766342,0.020864209160208702,0.9820000529289246,0.9818323889844782,0.8808594346046448,0.016683731228113174,122.00000762939453,3.6366677284240723,3.632908821105957,0.0360959954559803,0.013792797923088074,0.022303197532892227,0.0372956208884716,0.0164314117282629,0.020864209160208702,0.44905662536621094,0.45208978675645345,0.880859375,0.013792797923088074,122.0,2.4009382724761963,2.3970673084259033,0.03719013184309006,0.014886932447552681,0.022303197532892227,0.03793996572494507,0.017075754702091217,0.020864209160208702,0.5617021322250366,0.5640570926657883,0.880859375,0.014886932447552681,121.99999237060547,0.08374463673681021,0.07916032720822841,0.04422394139692187,0.02148402074817568,0.022739920881576836,0.040478941053152084,0.019350263639353216,0.021128677297383547
36,0.052498165518045425,0.04849371314048767,0.038487788289785385,0.01635928452014923,0.022128503769636154,0.03891853988170624,0.0180879645049572,0.02083057537674904,0.9790000319480896,0.9794392095567712,0.8808594346046448,0.01635928452014923,122.00000762939453,4.111647605895996,4.107919216156006,0.035791777074337006,0.013663272373378277,0.022128503769636154,0.037310320883989334,0.016479745507240295,0.02083057537674904,0.4226415157318115,0.4445858585858586,0.880859375,0.013663272373378277,122.0,2.700727939605713,2.696920156478882,0.036563992500305176,0.014435487799346447,0.022128503769636154,0.03783556818962097,0.017004992812871933,0.02083057537674904,0.52765953540802,0.5326517347386913,0.880859375,0.014435487799346447,121.99999237060547,0.08933884592261165,0.08481127524282783,0.04365192982368171,0.021339322323910892,0.02231260749977082,0.04059436754323542,0.019668953027576208,0.020925413933582604
37,0.067568339407444,0.06353361904621124,0.038784272968769073,0.016473442316055298,0.022310832515358925,0.039072729647159576,0.018135109916329384,0.020937619730830193,0.9760000705718994,0.9764685720665401,0.8808594346046448,0.016473442316055298,122.00000762939453,4.397477149963379,4.393730640411377,0.035973288118839264,0.013662455603480339,0.022310832515358925,0.03737112879753113,0.016433507204055786,0.020937619730830193,0.4000000059604645,0.40939842873176213,0.880859375,0.013662455603480339,122.0,2.716348886489868,2.7124972343444824,0.036995016038417816,0.014684182591736317,0.022310832515358925,0.03804545849561691,0.01710784062743187,0.020937619730830193,0.52765953540802,0.5276398770311814,0.880859375,0.014684182591736317,121.99999237060547,0.11313056491781026,0.10870418447302654,0.04265849757939577,0.020741857471875846,0.02191663987468928,0.04013260826468468,0.019428800675086677,0.020703807473182678
38,0.0766744390130043,0.07265932112932205,0.03857903927564621,0.016517743468284607,0.022061297670006752,0.03930442035198212,0.01822442002594471,0.021080002188682556,0.9730000495910645,0.9707988165680472,0.8808594346046448,0.016517743468284607,122.00000762939453,4.158323287963867,4.154597282409668,0.03575701266527176,0.013695716857910156,0.022061297670006752,0.037587590515613556,0.016507588326931,0.021080002188682556,0.43018868565559387,0.4531919191919192,0.880859375,0.013695716857910156,122.0,2.498074769973755,2.494257688522339,0.03664344176650047,0.014582144096493721,0.022061297670006752,0.03817708045244217,0.017097078263759613,0.021080002188682556,0.5787233710289001,0.5861062801932367,0.880859375,0.014582144096493721,121.99999237060547,0.11493324837647378,0.11048952210694551,0.04282131791114807,0.020989588927477598,0.02183172886725515,0.04039904591627419,0.019555589533410966,0.020843456033617258
39,0.036875415593385696,0.03260038048028946,0.041124530136585236,0.016798067837953568,0.024326464161276817,0.04064537584781647,0.018341584131121635,0.02230379357933998,0.9860000610351562,0.9860429831416768,0.8808594346046448,0.016798067837953568,122.00000762939453,3.7234909534454346,3.7194995880126953,0.038354113698005676,0.014027649536728859,0.024326464161276817,0.03897452726960182,0.01667073369026184,0.02230379357933998,0.43396228551864624,0.4491896745230079,0.880859375,0.014027649536728859,122.0,2.3116300106048584,2.307563066482544,0.03909202292561531,0.014765558764338493,0.024326464161276817,0.03946579247713089,0.01716199889779091,0.02230379357933998,0.5829787254333496,0.5880254721124286,0.880859375,0.014765558764338493,121.99999237060547,0.08590953762177378,0.08127688243985176,0.0446691585239023,0.021401468780823052,0.0232676895102486,0.041435020277276635,0.019725412712432444,0.02170960756484419
40,0.04807893559336662,0.0439394973218441,0.03980099409818649,0.016557691618800163,0.02324330434203148,0.039834123104810715,0.018311141058802605,0.02152298204600811,0.984000027179718,0.9834088422462879,0.8808594346046448,0.016557691618800163,122.00000762939453,4.186466217041016,4.182608604431152,0.03704896569252014,0.013805659487843513,0.02324330434203148,0.03815290331840515,0.01662992127239704,0.02152298204600811,0.4000000059604645,0.4064421997755331,0.880859375,0.013805659487843513,122.0,2.744075059890747,2.740140914916992,0.03779750317335129,0.01455419696867466,0.02324330434203148,0.03864490985870361,0.017121925950050354,0.02152298204600811,0.5446808338165283,0.5456776460254721,0.880859375,0.01455419696867466,121.99999237060547,0.08652139024343342,0.08189647342078388,0.04458475299179554,0.021227144170552492,0.023357609170489013,0.04161031171679497,0.019759165472351015,0.021851146826520562
41,0.042784642428159714,0.038842760026454926,0.037851206958293915,0.016770383343100548,0.021080825477838516,0.03919019550085068,0.018444066867232323,0.020746130496263504,0.9830000400543213,0.982343253746737,0.8808594346046448,0.016770383343100548,122.00000762939453,4.624858856201172,4.62119722366333,0.03511444479227066,0.014033620245754719,0.021080825477838516,0.03751281648874283,0.016766687855124474,0.020746130496263504,0.3962264060974121,0.41673400673400673,0.880859375,0.014033620245754719,122.0,2.7033069133758545,2.699589729309082,0.035656221210956573,0.014575395733118057,0.021080825477838516,0.03788571059703827,0.017139581963419914,0.020746130496263504,0.5872340202331543,0.5892490118577076,0.880859375,0.014575395733118057,121.99999237060547,0.076734478934668,0.07222380168968812,0.04346967372111976,0.021311316988430917,0.0221583564998582,0.040927380323410034,0.019873516517691314,0.02105386380571872
42,0.04198379069566727,0.03813011571764946,0.03697490692138672,0.016948910430073738,0.02002599462866783,0.03904533013701439,0.018590031191706657,0.02045529894530773,0.9850000739097595,0.9846624986044434,0.8808594346046448,0.016948910430073738,122.00000762939453,4.296535968780518,4.292975902557373,0.034107521176338196,0.014081527478992939,0.02002599462866783,0.03729324787855148,0.01683794893324375,0.02045529894530773,0.4226415157318115,0.43050729517396186,0.880859375,0.014081527478992939,122.0,2.591278553009033,2.58766508102417,0.03462851420044899,0.014602519571781158,0.02002599462866783,0.037665292620658875,0.017209991812705994,0.02045529894530773,0.5617021322250366,0.565195432586737,0.880859375,0.014602519571781158,121.99999237060547,0.07848985795862973,0.07410160428844392,0.04225714621134102,0.021389216766692698,0.02086792979389429,0.04063540953211486,0.019897617399692535,0.020737792016007006
43,0.03356904909014702,0.029859717935323715,0.03554672747850418,0.01686682365834713,0.018679901957511902,0.038665201514959335,0.018631836399435997,0.02003336511552334,0.9860000610351562,0.9851258233783632,0.8808594346046448,0.01686682365834713,122.00000762939453,4.518285274505615,4.51485538482666,0.03282001242041588,0.014140110462903976,0.018679901957511902,0.036996979266405106,0.016963614150881767,0.02003336511552334,0.4226415157318115,0.4378630751964085,0.880859375,0.014140110462903976,122.0,2.7789785861968994,2.7754921913146973,0.03336826711893082,0.01468836423009634,0.018679901957511902,0.03739136457443237,0.017357997596263885,0.02003336511552334,0.5659574270248413,0.5688537549407116,0.880859375,0.01468836423009634,121.99999237060547,0.07696798269171268,0.07265858876053244,0.04147187271155417,0.021579967928119004,0.01989190501626581,0.04055163240991533,0.020052425214089453,0.020499207079410553
44,0.03970467299222946,0.03599648177623749,0.0355360321700573,0.017283601686358452,0.018252430483698845,0.03864678367972374,0.018875248730182648,0.019771534949541092,0.984000027179718,0.9831258233783633,0.8808594346046448,0.017283601686358452,122.00000762939453,4.226291179656982,4.2228684425354,0.03274967893958092,0.014497248455882072,0.018252430483698845,0.03696524351835251,0.017193706706166267,0.019771534949541092,0.4000000059604645,0.41648035914702575,0.880859375,0.014497248455882072,122.0,2.573188543319702,2.5697004795074463,0.03338462486863136,0.015132195316255093,0.018252430483698845,0.03738340735435486,0.017611872404813766,0.019771534949541092,0.570212721824646,0.5729503732981993,0.880859375,0.015132195316255093,121.99999237060547,0.07422944868449122,0.07005331735126674,0.04015733115375042,0.02186278917361051,0.01829454186372459,0.04009960847906768,0.020257979864254594,0.019841628498397768
45,0.03622247651219368,0.03252949193120003,0.035377465188503265,0.016988031566143036,0.01838943175971508,0.03880899399518967,0.01877358742058277,0.020035406574606895,0.9850000739097595,0.9850293625097688,0.8808594346046448,0.016988031566143036,122.00000762939453,3.9535648822784424,3.9501631259918213,0.03253406286239624,0.01414463296532631,0.01838943175971508,0.037059202790260315,0.01702379435300827,0.020035406574606895,0.43018868565559387,0.44399775533108865,0.880859375,0.01414463296532631,122.0,2.4510931968688965,2.4476256370544434,0.03317300230264664,0.014783568680286407,0.01838943175971508,0.037530142813920975,0.01749473623931408,0.020035406574606895,0.5574467778205872,0.5612446201141854,0.880859375,0.014783568680286407,121.99999237060547,0.07804867578670382,0.07387986336834729,0.04008428659290075,0.021976989577524364,0.0181072965497151,0.04009608365595341,0.020271119545213878,0.01982496422715485
