factor,dimension,carga,carga_abs
Factor_1,emb_dim_0098,0.8649916919875693,0.8649916919875693
Factor_1,emb_dim_0068,0.8645087531682835,0.8645087531682835
Factor_1,emb_dim_0174,-0.8493973546031287,0.8493973546031287
Factor_1,emb_dim_0276,0.8394470613011962,0.8394470613011962
Factor_1,emb_dim_0064,0.8351211328587269,0.8351211328587269
Factor_1,emb_dim_0485,-0.8324981693785526,0.8324981693785526
Factor_1,emb_dim_0260,0.8289791436702719,0.8289791436702719
Factor_1,emb_dim_0074,-0.8288517512746436,0.8288517512746436
Factor_2,emb_dim_0176,-0.8588933692670753,0.8588933692670753
Factor_2,emb_dim_0453,-0.7492266759564629,0.7492266759564629
Factor_2,emb_dim_0069,0.7352425894934901,0.7352425894934901
Factor_2,emb_dim_0221,-0.7324486426459851,0.7324486426459851
Factor_2,emb_dim_0250,-0.7298408434867543,0.7298408434867543
Factor_2,emb_dim_0246,0.7027096623383661,0.7027096623383661
Factor_2,emb_dim_0023,-0.6963429877661521,0.6963429877661521
Factor_2,emb_dim_0066,-0.6871083384799533,0.6871083384799533
Factor_3,emb_dim_0180,0.8296972528564751,0.8296972528564751
Factor_3,emb_dim_0063,-0.8194527371782208,0.8194527371782208
Factor_3,emb_dim_0152,-0.7749167827467729,0.7749167827467729
Factor_3,emb_dim_0471,0.7404841352910718,0.7404841352910718
Factor_3,emb_dim_0326,0.7289164583304294,0.7289164583304294
Factor_3,emb_dim_0065,-0.7283853419581406,0.7283853419581406
Factor_3,emb_dim_0233,0.6934819057493201,0.6934819057493201
Factor_3,emb_dim_0320,0.6930449050974107,0.6930449050974107
Factor_4,emb_dim_0312,0.7267302100229719,0.7267302100229719
Factor_4,emb_dim_0133,0.7256768780107462,0.7256768780107462
Factor_4,emb_dim_0092,-0.717075911177685,0.717075911177685
Factor_4,emb_dim_0329,0.6535211938362713,0.6535211938362713
Factor_4,emb_dim_0191,0.6153003774788297,0.6153003774788297
Factor_4,emb_dim_0035,-0.6090781401832827,0.6090781401832827
Factor_4,emb_dim_0357,0.5765250631620923,0.5765250631620923
Factor_4,emb_dim_0447,0.5563377351825425,0.5563377351825425
Factor_5,emb_dim_0399,0.7708175432381187,0.7708175432381187
Factor_5,emb_dim_0396,-0.7312454523996259,0.7312454523996259
Factor_5,emb_dim_0423,-0.6395520938343559,0.6395520938343559
Factor_5,emb_dim_0080,0.6098116799452975,0.6098116799452975
Factor_5,emb_dim_0383,-0.5776946313974622,0.5776946313974622
Factor_5,emb_dim_0256,-0.564783166829623,0.564783166829623
Factor_5,emb_dim_0427,-0.5463942672775788,0.5463942672775788
Factor_5,emb_dim_0021,0.5252535935254877,0.5252535935254877
Factor_6,emb_dim_0018,0.5675428404526766,0.5675428404526766
Factor_6,emb_dim_0012,-0.4675002450509243,0.4675002450509243
Factor_6,emb_dim_0230,0.4628575455958494,0.4628575455958494
Factor_6,emb_dim_0118,-0.45226842411016843,0.45226842411016843
Factor_6,emb_dim_0122,-0.43887325075740974,0.43887325075740974
Factor_6,emb_dim_0106,0.3929448920628642,0.3929448920628642
Factor_6,emb_dim_0233,-0.3758318555673625,0.3758318555673625
Factor_6,emb_dim_0410,0.37550198746504426,0.37550198746504426
Factor_7,emb_dim_0019,-0.7315614566353748,0.7315614566353748
Factor_7,emb_dim_0468,0.3743683695530505,0.3743683695530505
Factor_7,emb_dim_0465,0.3555378503086266,0.3555378503086266
Factor_7,emb_dim_0408,0.3008283876920772,0.3008283876920772
Factor_7,emb_dim_0043,0.2973551661836891,0.2973551661836891
Factor_7,emb_dim_0285,-0.278621438388289,0.278621438388289
Factor_7,emb_dim_0484,0.2759128890041337,0.2759128890041337
Factor_7,emb_dim_0032,0.2744872553549445,0.2744872553549445
Factor_8,emb_dim_0507,-0.7366787623742974,0.7366787623742974
Factor_8,emb_dim_0057,0.5389708949243702,0.5389708949243702
Factor_8,emb_dim_0190,-0.3891556133954893,0.3891556133954893
Factor_8,emb_dim_0118,-0.3792264149452919,0.3792264149452919
Factor_8,emb_dim_0054,-0.3724897611332486,0.3724897611332486
Factor_8,emb_dim_0143,-0.3591181030046965,0.3591181030046965
Factor_8,emb_dim_0280,0.35361551391516544,0.35361551391516544
Factor_8,emb_dim_0245,0.3468800665654011,0.3468800665654011
Factor_9,emb_dim_0443,0.6268669792618572,0.6268669792618572
Factor_9,emb_dim_0247,0.4597058011191122,0.4597058011191122
Factor_9,emb_dim_0227,0.4400103125281163,0.4400103125281163
Factor_9,emb_dim_0491,-0.4069219929999135,0.4069219929999135
Factor_9,emb_dim_0037,-0.4063033665549928,0.4063033665549928
Factor_9,emb_dim_0434,-0.39242450452147537,0.39242450452147537
Factor_9,emb_dim_0197,-0.37352107359401654,0.37352107359401654
Factor_9,emb_dim_0372,0.36611406321850587,0.36611406321850587
Factor_10,emb_dim_0154,0.78924106684292,0.78924106684292
Factor_10,emb_dim_0488,0.289234492884169,0.289234492884169
Factor_10,emb_dim_0315,-0.28918705487219715,0.28918705487219715
Factor_10,emb_dim_0286,-0.2840419034651974,0.2840419034651974
Factor_10,emb_dim_0237,0.27446888288941795,0.27446888288941795
Factor_10,emb_dim_0077,0.2739750761832454,0.2739750761832454
Factor_10,emb_dim_0405,0.2719997449677932,0.2719997449677932
Factor_10,emb_dim_0343,-0.2638960168230407,0.2638960168230407
Factor_11,emb_dim_0494,0.6904235204007099,0.6904235204007099
Factor_11,emb_dim_0480,0.4439588614817659,0.4439588614817659
Factor_11,emb_dim_0367,0.2871265205355829,0.2871265205355829
Factor_11,emb_dim_0468,0.26775899785542234,0.26775899785542234
Factor_11,emb_dim_0391,0.26129784729632183,0.26129784729632183
Factor_11,emb_dim_0112,0.2611283269387901,0.2611283269387901
Factor_11,emb_dim_0249,0.25865821072365786,0.25865821072365786
Factor_11,emb_dim_0416,-0.24235164064410228,0.24235164064410228
Factor_12,emb_dim_0093,-0.8296428339338469,0.8296428339338469
Factor_12,emb_dim_0235,0.5119377942297,0.5119377942297
Factor_12,emb_dim_0286,-0.390290956918107,0.390290956918107
Factor_12,emb_dim_0405,-0.38028245013057055,0.38028245013057055
Factor_12,emb_dim_0048,0.35633501354801944,0.35633501354801944
Factor_12,emb_dim_0115,0.34457005938421453,0.34457005938421453
Factor_12,emb_dim_0205,0.31798486748978216,0.31798486748978216
Factor_12,emb_dim_0440,0.3091657567536782,0.3091657567536782
Factor_13,emb_dim_0124,0.7450746835007387,0.7450746835007387
Factor_13,emb_dim_0472,0.4342900015497573,0.4342900015497573
Factor_13,emb_dim_0489,-0.32230504479383437,0.32230504479383437
Factor_13,emb_dim_0475,0.3153675532433433,0.3153675532433433
Factor_13,emb_dim_0247,-0.28460706916128453,0.28460706916128453
Factor_13,emb_dim_0153,-0.27496492763339514,0.27496492763339514
Factor_13,emb_dim_0205,0.2680034673847405,0.2680034673847405
Factor_13,emb_dim_0031,0.25478859706954776,0.25478859706954776
Factor_14,emb_dim_0450,-0.7917125142199255,0.7917125142199255
Factor_14,emb_dim_0109,-0.46326082458233914,0.46326082458233914
Factor_14,emb_dim_0427,-0.42100786858524336,0.42100786858524336
Factor_14,emb_dim_0033,0.4125947340169027,0.4125947340169027
Factor_14,emb_dim_0411,0.3983348496690158,0.3983348496690158
Factor_14,emb_dim_0308,-0.3176879867142514,0.3176879867142514
Factor_14,emb_dim_0293,0.30182012582545187,0.30182012582545187
Factor_14,emb_dim_0332,-0.3013083886431292,0.3013083886431292
Factor_15,emb_dim_0041,-0.6305674514008548,0.6305674514008548
Factor_15,emb_dim_0161,0.32236744469813383,0.32236744469813383
Factor_15,emb_dim_0333,0.31465744487582514,0.31465744487582514
Factor_15,emb_dim_0491,0.28241114024170744,0.28241114024170744
Factor_15,emb_dim_0245,0.25206755895143534,0.25206755895143534
Factor_15,emb_dim_0464,0.25089375231962047,0.25089375231962047
Factor_15,emb_dim_0128,0.2475056954180077,0.2475056954180077
Factor_15,emb_dim_0046,-0.24625609817252656,0.24625609817252656
Factor_16,emb_dim_0090,-0.6847876078472941,0.6847876078472941
Factor_16,emb_dim_0268,0.5545263042074456,0.5545263042074456
Factor_16,emb_dim_0501,-0.5408314253130775,0.5408314253130775
Factor_16,emb_dim_0460,0.4643530453299849,0.4643530453299849
Factor_16,emb_dim_0172,0.4589781484020867,0.4589781484020867
Factor_16,emb_dim_0355,-0.4535643731191086,0.4535643731191086
Factor_16,emb_dim_0143,0.3897479739210456,0.3897479739210456
Factor_16,emb_dim_0469,-0.3819984568554369,0.3819984568554369
Factor_17,emb_dim_0298,-0.5631759178661822,0.5631759178661822
Factor_17,emb_dim_0022,-0.23932138140820336,0.23932138140820336
Factor_17,emb_dim_0476,0.23743515710754634,0.23743515710754634
Factor_17,emb_dim_0173,-0.2282449421135655,0.2282449421135655
Factor_17,emb_dim_0165,-0.22511947666561533,0.22511947666561533
Factor_17,emb_dim_0099,-0.22427649196380375,0.22427649196380375
Factor_17,emb_dim_0491,0.21518530709132686,0.21518530709132686
Factor_17,emb_dim_0339,-0.21475061062579062,0.21475061062579062
Factor_18,emb_dim_0049,0.7000753940061988,0.7000753940061988
Factor_18,emb_dim_0411,0.3657152851577089,0.3657152851577089
Factor_18,emb_dim_0498,-0.3203855867356443,0.3203855867356443
Factor_18,emb_dim_0286,-0.31764039312102066,0.31764039312102066
Factor_18,emb_dim_0095,0.30258377871055614,0.30258377871055614
Factor_18,emb_dim_0363,0.2955535241637165,0.2955535241637165
Factor_18,emb_dim_0206,-0.2949572535774361,0.2949572535774361
Factor_18,emb_dim_0136,0.29297401948441937,0.29297401948441937
Factor_19,emb_dim_0025,0.7957217986505736,0.7957217986505736
Factor_19,emb_dim_0251,-0.3792441054066139,0.3792441054066139
Factor_19,emb_dim_0142,-0.34830551718475206,0.34830551718475206
Factor_19,emb_dim_0242,0.29822421733726967,0.29822421733726967
Factor_19,emb_dim_0029,0.2766058153424246,0.2766058153424246
Factor_19,emb_dim_0173,0.26518392647632105,0.26518392647632105
Factor_19,emb_dim_0182,0.26233204297380136,0.26233204297380136
Factor_19,emb_dim_0005,-0.26209885501425134,0.26209885501425134
Factor_20,emb_dim_0138,0.3702561661280818,0.3702561661280818
Factor_20,emb_dim_0387,-0.2821409443936352,0.2821409443936352
Factor_20,emb_dim_0370,0.274951917401575,0.274951917401575
Factor_20,emb_dim_0259,-0.25329594806337596,0.25329594806337596
Factor_20,emb_dim_0273,-0.24088514876218048,0.24088514876218048
Factor_20,emb_dim_0424,-0.24064711550086623,0.24064711550086623
Factor_20,emb_dim_0425,-0.21760920979513226,0.21760920979513226
Factor_20,emb_dim_0286,0.2167716836602878,0.2167716836602878
Factor_21,emb_dim_0419,0.6196673066440603,0.6196673066440603
Factor_21,emb_dim_0292,-0.3238366763457928,0.3238366763457928
Factor_21,emb_dim_0445,-0.3073813447884181,0.3073813447884181
Factor_21,emb_dim_0361,-0.2969103828307271,0.2969103828307271
Factor_21,emb_dim_0426,0.28516053395700497,0.28516053395700497
Factor_21,emb_dim_0194,0.2679604039604618,0.2679604039604618
Factor_21,emb_dim_0057,-0.2588356949062212,0.2588356949062212
Factor_21,emb_dim_0242,-0.2586364386140105,0.2586364386140105
Factor_22,emb_dim_0304,-0.6648707624090985,0.6648707624090985
Factor_22,emb_dim_0005,0.33440375304507,0.33440375304507
Factor_22,emb_dim_0201,-0.3188016384691508,0.3188016384691508
Factor_22,emb_dim_0483,-0.31151492427118893,0.31151492427118893
Factor_22,emb_dim_0197,0.2822105971274896,0.2822105971274896
Factor_22,emb_dim_0324,0.2599276024324519,0.2599276024324519
Factor_22,emb_dim_0463,0.2460601343204239,0.2460601343204239
Factor_22,emb_dim_0044,0.24495585762844163,0.24495585762844163
Factor_23,emb_dim_0112,0.3196039849737392,0.3196039849737392
Factor_23,emb_dim_0366,0.31789483120812995,0.31789483120812995
Factor_23,emb_dim_0343,-0.285708964419491,0.285708964419491
Factor_23,emb_dim_0255,-0.2762957953232579,0.2762957953232579
Factor_23,emb_dim_0271,-0.25213111731142845,0.25213111731142845
Factor_23,emb_dim_0438,0.23024727950432283,0.23024727950432283
Factor_23,emb_dim_0083,-0.22650795032488333,0.22650795032488333
Factor_23,emb_dim_0269,0.2249829058329605,0.2249829058329605
Factor_24,emb_dim_0407,-0.7005129386664677,0.7005129386664677
Factor_24,emb_dim_0378,-0.3229718719277442,0.3229718719277442
Factor_24,emb_dim_0169,0.31935756953544564,0.31935756953544564
Factor_24,emb_dim_0150,0.3137682737370569,0.3137682737370569
Factor_24,emb_dim_0327,-0.30463899834492336,0.30463899834492336
Factor_24,emb_dim_0363,-0.3035247355885414,0.3035247355885414
Factor_24,emb_dim_0168,0.30172734996513373,0.30172734996513373
Factor_24,emb_dim_0128,0.28540612724340797,0.28540612724340797
Factor_25,emb_dim_0413,0.5282431175793362,0.5282431175793362
Factor_25,emb_dim_0435,0.5253268590396049,0.5253268590396049
Factor_25,emb_dim_0165,-0.3316245039955137,0.3316245039955137
Factor_25,emb_dim_0027,-0.33064557851970905,0.33064557851970905
Factor_25,emb_dim_0190,-0.2969612572084796,0.2969612572084796
Factor_25,emb_dim_0467,-0.2911222422676264,0.2911222422676264
Factor_25,emb_dim_0457,0.28823108702546735,0.28823108702546735
Factor_25,emb_dim_0182,0.27491849959107034,0.27491849959107034
Factor_26,emb_dim_0308,0.382710399720169,0.382710399720169
Factor_26,emb_dim_0123,-0.345586618825642,0.345586618825642
Factor_26,emb_dim_0338,0.30163248342352983,0.30163248342352983
Factor_26,emb_dim_0315,0.28006495649692614,0.28006495649692614
Factor_26,emb_dim_0043,0.2529727179342257,0.2529727179342257
Factor_26,emb_dim_0445,-0.25100860186364815,0.25100860186364815
Factor_26,emb_dim_0030,-0.25057121704761753,0.25057121704761753
Factor_26,emb_dim_0339,-0.24954414352019438,0.24954414352019438
Factor_27,emb_dim_0231,-0.546146432986337,0.546146432986337
Factor_27,emb_dim_0048,-0.33743759124331074,0.33743759124331074
Factor_27,emb_dim_0076,-0.30425605347255763,0.30425605347255763
Factor_27,emb_dim_0455,-0.2553912634755911,0.2553912634755911
Factor_27,emb_dim_0462,0.24166858735855065,0.24166858735855065
Factor_27,emb_dim_0283,0.2397576571726661,0.2397576571726661
Factor_27,emb_dim_0412,-0.23788030308021207,0.23788030308021207
Factor_27,emb_dim_0355,0.23757115873004717,0.23757115873004717
Factor_28,emb_dim_0160,0.7049690075953977,0.7049690075953977
Factor_28,emb_dim_0342,-0.41239339097836963,0.41239339097836963
Factor_28,emb_dim_0315,-0.31649237451130374,0.31649237451130374
Factor_28,emb_dim_0234,-0.2981057693445299,0.2981057693445299
Factor_28,emb_dim_0263,-0.29583211865248416,0.29583211865248416
Factor_28,emb_dim_0511,0.2955399057719714,0.2955399057719714
Factor_28,emb_dim_0031,0.29363759038813797,0.29363759038813797
Factor_28,emb_dim_0355,0.2891298958446762,0.2891298958446762
Factor_29,emb_dim_0352,-0.6517870003296565,0.6517870003296565
Factor_29,emb_dim_0002,0.3517508688295038,0.3517508688295038
Factor_29,emb_dim_0370,0.34481312493112665,0.34481312493112665
Factor_29,emb_dim_0032,0.31994480325377295,0.31994480325377295
Factor_29,emb_dim_0436,0.28847849135834713,0.28847849135834713
Factor_29,emb_dim_0390,0.2720154923008732,0.2720154923008732
Factor_29,emb_dim_0452,-0.2631449569572808,0.2631449569572808
Factor_29,emb_dim_0245,0.2561423205831445,0.2561423205831445
Factor_30,emb_dim_0114,0.7597512721147784,0.7597512721147784
Factor_30,emb_dim_0062,0.4668846507178658,0.4668846507178658
Factor_30,emb_dim_0502,-0.42590886984673465,0.42590886984673465
Factor_30,emb_dim_0387,0.3552119792328134,0.3552119792328134
Factor_30,emb_dim_0440,-0.3433096831669209,0.3433096831669209
Factor_30,emb_dim_0156,0.33645654079431875,0.33645654079431875
Factor_30,emb_dim_0322,-0.3268964514999617,0.3268964514999617
Factor_30,emb_dim_0193,-0.3067662823776017,0.3067662823776017
Factor_31,emb_dim_0130,-0.7232571269145082,0.7232571269145082
Factor_31,emb_dim_0005,-0.3728936677909658,0.3728936677909658
Factor_31,emb_dim_0196,-0.3429016666552176,0.3429016666552176
Factor_31,emb_dim_0153,-0.28348656333696876,0.28348656333696876
Factor_31,emb_dim_0509,-0.2804046000736983,0.2804046000736983
Factor_31,emb_dim_0378,-0.2676688697179577,0.2676688697179577
Factor_31,emb_dim_0340,-0.25544144731308277,0.25544144731308277
Factor_31,emb_dim_0247,-0.24662424860293067,0.24662424860293067
Factor_32,emb_dim_0373,0.7475430755340428,0.7475430755340428
Factor_32,emb_dim_0044,0.5120558194824848,0.5120558194824848
Factor_32,emb_dim_0439,-0.31504599587661614,0.31504599587661614
Factor_32,emb_dim_0161,-0.3044132749109653,0.3044132749109653
Factor_32,emb_dim_0091,0.30119039004449577,0.30119039004449577
Factor_32,emb_dim_0322,-0.2959985692612177,0.2959985692612177
Factor_32,emb_dim_0187,-0.2784214446061178,0.2784214446061178
Factor_32,emb_dim_0343,0.2775287334016224,0.2775287334016224
Factor_33,emb_dim_0348,0.7063805420005462,0.7063805420005462
Factor_33,emb_dim_0439,0.2828574081372391,0.2828574081372391
Factor_33,emb_dim_0305,-0.23446511394219843,0.23446511394219843
Factor_33,emb_dim_0147,0.22971439011057443,0.22971439011057443
Factor_33,emb_dim_0243,0.22687558481120043,0.22687558481120043
Factor_33,emb_dim_0077,-0.20956687030464866,0.20956687030464866
Factor_33,emb_dim_0265,0.20781859370272862,0.20781859370272862
Factor_33,emb_dim_0482,0.20524623361091693,0.20524623361091693
Factor_34,emb_dim_0164,-0.6923247271424281,0.6923247271424281
Factor_34,emb_dim_0409,-0.3529931117458276,0.3529931117458276
Factor_34,emb_dim_0451,0.28729013981644325,0.28729013981644325
Factor_34,emb_dim_0343,0.27076974426535294,0.27076974426535294
Factor_34,emb_dim_0106,-0.26885723658391186,0.26885723658391186
Factor_34,emb_dim_0362,-0.2564495183602549,0.2564495183602549
Factor_34,emb_dim_0391,0.25183970470233286,0.25183970470233286
Factor_34,emb_dim_0126,0.2510108460958296,0.2510108460958296
Factor_35,emb_dim_0157,0.4870719211874884,0.4870719211874884
Factor_35,emb_dim_0404,-0.4347868689329529,0.4347868689329529
Factor_35,emb_dim_0208,0.28416372531597234,0.28416372531597234
Factor_35,emb_dim_0186,0.24921018529856684,0.24921018529856684
Factor_35,emb_dim_0299,-0.24695890708220267,0.24695890708220267
Factor_35,emb_dim_0437,0.2135180213322024,0.2135180213322024
Factor_35,emb_dim_0100,0.20614507877784088,0.20614507877784088
Factor_35,emb_dim_0135,0.20459087911816273,0.20459087911816273
Factor_36,emb_dim_0126,0.2936415612802573,0.2936415612802573
Factor_36,emb_dim_0206,-0.2412590257050373,0.2412590257050373
Factor_36,emb_dim_0481,-0.22564218480696582,0.22564218480696582
Factor_36,emb_dim_0150,0.22450253833683065,0.22450253833683065
Factor_36,emb_dim_0202,0.22207994714512172,0.22207994714512172
Factor_36,emb_dim_0294,0.20776396361410143,0.20776396361410143
Factor_36,emb_dim_0011,0.19708695327810408,0.19708695327810408
Factor_36,emb_dim_0107,-0.1886625696228321,0.1886625696228321
Factor_37,emb_dim_0306,0.5342726801021324,0.5342726801021324
Factor_37,emb_dim_0101,-0.28205555850983177,0.28205555850983177
Factor_37,emb_dim_0451,-0.2748388691526258,0.2748388691526258
Factor_37,emb_dim_0366,0.27253793470306553,0.27253793470306553
Factor_37,emb_dim_0477,-0.2660479288759752,0.2660479288759752
Factor_37,emb_dim_0002,0.2564324798702238,0.2564324798702238
Factor_37,emb_dim_0338,-0.2504002348465646,0.2504002348465646
Factor_37,emb_dim_0282,0.2292133776331009,0.2292133776331009
Factor_38,emb_dim_0421,0.6057706254562699,0.6057706254562699
Factor_38,emb_dim_0126,0.283685159960794,0.283685159960794
Factor_38,emb_dim_0374,0.24869432884478995,0.24869432884478995
Factor_38,emb_dim_0257,-0.21811073850529494,0.21811073850529494
Factor_38,emb_dim_0349,0.2167239289088233,0.2167239289088233
Factor_38,emb_dim_0094,-0.1989880620434338,0.1989880620434338
Factor_38,emb_dim_0325,-0.19811635927420657,0.19811635927420657
Factor_38,emb_dim_0185,-0.19521410709612386,0.19521410709612386
Factor_39,emb_dim_0492,-0.6587758051466155,0.6587758051466155
Factor_39,emb_dim_0212,0.31920545325293814,0.31920545325293814
Factor_39,emb_dim_0143,0.2791159813214012,0.2791159813214012
Factor_39,emb_dim_0230,-0.2760918207046757,0.2760918207046757
Factor_39,emb_dim_0138,-0.2596433252475714,0.2596433252475714
Factor_39,emb_dim_0084,-0.25936449335164513,0.25936449335164513
Factor_39,emb_dim_0037,0.25013922107318726,0.25013922107318726
Factor_39,emb_dim_0511,0.2365314218692232,0.2365314218692232
